﻿{"LayoutDetailDict1":[{"OriginSize":{"Y":80.0,"X":80.0},"Type":10,"Opacity":1.0,"AnchorType":{"Minimum":{"Y":0.0,"X":1.0},"Maximum":{"Y":0.0,"X":1.0}},"Scale":{"Y":1.0,"X":1.0},"RelativePos":{"Y":158.0,"X":-295.0}},{"OriginSize":{"Y":70.0,"X":70.0},"Type":19,"Opacity":0.32013416290283,"AnchorType":{"Minimum":{"Y":1.0,"X":1.0},"Maximum":{"Y":1.0,"X":1.0}},"Scale":{"Y":1.6803119182587,"X":1.6803119182587},"RelativePos":{"Y":-596.81903076172,"X":-212.02143859863}},{"OriginSize":{"Y":89.0,"X":61.0},"Type":9,"Opacity":1.0,"AnchorType":{"Minimum":{"Y":1.0,"X":0.5},"Maximum":{"Y":1.0,"X":0.5}},"Scale":{"Y":1.0,"X":1.0},"RelativePos":{"Y":-188.57864379883,"X":78.101615905762}},{"OriginSize":{"Y":68.0,"X":68.0},"Type":13,"Opacity":0.29422673583031,"AnchorType":{"Minimum":{"Y":1.0,"X":1.0},"Maximum":{"Y":1.0,"X":1.0}},"Scale":{"Y":2.0,"X":2.0},"RelativePos":{"Y":-102.0,"X":-469.09982299805}},{"OriginSize":{"Y":68.0,"X":68.0},"Type":18,"Opacity":0.10000000149012,"AnchorType":{"Minimum":{"Y":1.0,"X":1.0},"Maximum":{"Y":1.0,"X":1.0}},"Scale":{"Y":1.7054827213287,"X":1.7054827213287},"RelativePos":{"Y":-601.34729003906,"X":-99.022232055664}},{"OriginSize":{"Y":80.0,"X":80.0},"Type":17,"Opacity":0.45827475190163,"AnchorType":{"Minimum":{"Y":1.0,"X":1.0},"Maximum":{"Y":1.0,"X":1.0}},"Scale":{"Y":2.0,"X":2.0},"RelativePos":{"Y":-595.91766357422,"X":-343.97882080078}},{"OriginSize":{"Y":70.0,"X":70.0},"Type":15,"Opacity":0.39460572600365,"AnchorType":{"Minimum":{"Y":1.0,"X":1.0},"Maximum":{"Y":1.0,"X":1.0}},"Scale":{"Y":2.0,"X":2.0},"RelativePos":{"Y":-600.91766357422,"X":-472.45196533203}},{"OriginSize":{"Y":46.0,"X":45.0},"Type":14,"Opacity":1.0,"AnchorType":{"Minimum":{"Y":0.0,"X":1.0},"Maximum":{"Y":0.0,"X":1.0}},"Scale":{"Y":1.0,"X":1.0},"RelativePos":{"Y":207.40794372559,"X":-139.03903198242}},{"OriginSize":{"Y":60.0,"X":60.0},"Type":1,"Opacity":0.54030686616898,"AnchorType":{"Minimum":{"Y":1.0,"X":0.0},"Maximum":{"Y":1.0,"X":0.0}},"Scale":{"Y":2.0,"X":2.0},"RelativePos":{"Y":-95.291923522949,"X":1194.345703125}},{"OriginSize":{"Y":42.0,"X":42.0},"Type":11,"Opacity":1.0,"AnchorType":{"Minimum":{"Y":0.0,"X":1.0},"Maximum":{"Y":0.0,"X":1.0}},"Scale":{"Y":1.0,"X":1.0},"RelativePos":{"Y":138.75247192383,"X":-213.48789978027}},{"OriginSize":{"Y":115.0,"X":115.0},"Type":16,"Opacity":0.10000000149012,"AnchorType":{"Minimum":{"Y":1.0,"X":1.0},"Maximum":{"Y":1.0,"X":1.0}},"Scale":{"Y":2.0,"X":2.0},"RelativePos":{"Y":-572.53765869141,"X":-1014.0084838867}},{"OriginSize":{"Y":100.0,"X":100.0},"Type":0,"Opacity":0.10000000149012,"AnchorType":{"Minimum":{"Y":0.5,"X":0.0},"Maximum":{"Y":0.5,"X":0.0}},"Scale":{"Y":2.0,"X":2.0},"RelativePos":{"Y":-267.95883178711,"X":221.05706787109}},{"OriginSize":{"Y":170.0,"X":170.0},"Type":2,"Opacity":0.51172852516174,"AnchorType":{"Minimum":{"Y":0.0,"X":0.0},"Maximum":{"Y":0.0,"X":0.0}},"Scale":{"Y":1.397142291069,"X":1.397142291069},"RelativePos":{"Y":0.81325083971024,"X":0.19033674895763}},{"OriginSize":{"Y":135.31745910645,"X":118.0},"Type":8,"Opacity":1.0,"AnchorType":{"Minimum":{"Y":1.0,"X":1.0},"Maximum":{"Y":1.0,"X":1.0}},"Scale":{"Y":1.0,"X":1.0},"RelativePos":{"Y":-310.1520690918,"X":-978.13623046875}},{"OriginSize":{"Y":54.0,"X":118.0},"Type":6,"Opacity":1.0,"AnchorType":{"Minimum":{"Y":1.0,"X":1.0},"Maximum":{"Y":1.0,"X":1.0}},"Scale":{"Y":1.0,"X":1.0},"RelativePos":{"Y":-263.0749206543,"X":-380.56140136719}},{"OriginSize":{"Y":151.0,"X":136.0},"Type":7,"Opacity":1.0,"AnchorType":{"Minimum":{"Y":1.0,"X":0.5},"Maximum":{"Y":1.0,"X":0.5}},"Scale":{"Y":1.0,"X":1.0},"RelativePos":{"Y":-309.04782104492,"X":-24.785276412964}},{"OriginSize":{"Y":187.0,"X":155.0},"Type":12,"Opacity":1.0,"AnchorType":{"Minimum":{"Y":0.0,"X":1.0},"Maximum":{"Y":0.0,"X":1.0}},"Scale":{"Y":1.0,"X":1.0},"RelativePos":{"Y":0.0,"X":-1293.5383300781}},{"OriginSize":{"Y":83.0,"X":148.0},"Type":5,"Opacity":1.0,"AnchorType":{"Minimum":{"Y":1.0,"X":0.5},"Maximum":{"Y":1.0,"X":0.5}},"Scale":{"Y":1.0,"X":1.0},"RelativePos":{"Y":-121.0,"X":2.0}},{"OriginSize":{"Y":83.0,"X":148.0},"Type":4,"Opacity":1.0,"AnchorType":{"Minimum":{"Y":1.0,"X":0.5},"Maximum":{"Y":1.0,"X":0.5}},"Scale":{"Y":1.0,"X":1.0},"RelativePos":{"Y":-121.0,"X":-150.0}},{"OriginSize":{"Y":89.0,"X":61.0},"Type":3,"Opacity":1.0,"AnchorType":{"Minimum":{"Y":1.0,"X":0.5},"Maximum":{"Y":1.0,"X":0.5}},"Scale":{"Y":1.0,"X":1.0},"RelativePos":{"Y":-173.67520141602,"X":-214.5115814209}},{"OriginSize":{"Y":224.05249023438,"X":181.5},"Type":20,"Opacity":1.0,"AnchorType":{"Minimum":{"Y":0.0,"X":1.0},"Maximum":{"Y":0.0,"X":1.0}},"Scale":{"Y":1.0,"X":1.0},"RelativePos":{"Y":162.0,"X":-484.0}},{"OriginSize":{"Y":60.0,"X":60.0},"Type":21,"Opacity":0.2603348493576,"AnchorType":{"Minimum":{"Y":1.0,"X":0.0},"Maximum":{"Y":1.0,"X":0.0}},"Scale":{"Y":2.0,"X":2.0},"RelativePos":{"Y":-600.34765625,"X":723.86938476562}},{"OriginSize":{"Y":60.0,"X":60.0},"Type":22,"Opacity":0.35926958918571,"AnchorType":{"Minimum":{"Y":1.0,"X":0.0},"Maximum":{"Y":1.0,"X":0.0}},"Scale":{"Y":1.7574795484543,"X":1.7574795484543},"RelativePos":{"Y":-490.27160644531,"X":893.56463623047}},{"OriginSize":{"Y":230.0,"X":202.0},"Type":23,"Opacity":0.58174979686737,"AnchorType":{"Minimum":{"Y":0.0,"X":1.0},"Maximum":{"Y":0.0,"X":1.0}},"Scale":{"Y":1.126559138298,"X":1.126559138298},"RelativePos":{"Y":64.552642822266,"X":-876.98919677734}},{"OriginSize":{"Y":72.571426391602,"X":76.285713195801},"Type":24,"Opacity":1.0,"AnchorType":{"Minimum":{"Y":1.0,"X":1.0},"Maximum":{"Y":1.0,"X":1.0}},"Scale":{"Y":1.0,"X":1.0},"RelativePos":{"Y":-382.94400024414,"X":-961.29174804688}},{"OriginSize":{"Y":178.0,"X":337.0},"Type":25,"Opacity":0.18302831053734,"AnchorType":{"Minimum":{"Y":0.0,"X":0.0},"Maximum":{"Y":0.0,"X":0.0}},"Scale":{"Y":0.5,"X":0.5},"RelativePos":{"Y":-14.85951423645,"X":-69.771614074707}},{"OriginSize":{"Y":44.0,"X":44.0},"Type":26,"Opacity":1.0,"AnchorType":{"Minimum":{"Y":1.0,"X":0.0},"Maximum":{"Y":1.0,"X":0.0}},"Scale":{"Y":1.0,"X":1.0},"RelativePos":{"Y":-56.0,"X":237.0}},{"OriginSize":{"Y":32.0,"X":148.0},"Type":27,"Opacity":1.0,"AnchorType":{"Minimum":{"Y":1.0,"X":0.5},"Maximum":{"Y":1.0,"X":0.5}},"Scale":{"Y":1.0,"X":1.0},"RelativePos":{"Y":-118.0,"X":2.0}},{"OriginSize":{"Y":52.0,"X":52.0},"Type":28,"Opacity":1.0,"AnchorType":{"Minimum":{"Y":0.5,"X":0.0},"Maximum":{"Y":0.5,"X":0.0}},"Scale":{"Y":1.0,"X":1.0},"RelativePos":{"Y":-122.50882720947,"X":313.35549926758}},{"OriginSize":{"Y":46.0,"X":46.0},"Type":29,"Opacity":1.0,"AnchorType":{"Minimum":{"Y":1.0,"X":1.0},"Maximum":{"Y":1.0,"X":1.0}},"Scale":{"Y":1.0,"X":1.0},"RelativePos":{"Y":-492.95272827148,"X":-497.19128417969}},{"OriginSize":{"Y":98.0,"X":98.0},"Type":30,"Opacity":1.0,"AnchorType":{"Minimum":{"Y":0.0,"X":0.0},"Maximum":{"Y":0.0,"X":0.0}},"Scale":{"Y":1.0,"X":1.0},"RelativePos":{"Y":367.16058349609,"X":250.1462097168}},{"OriginSize":{"Y":46.0,"X":46.0},"Type":31,"Opacity":1.0,"AnchorType":{"Minimum":{"Y":0.0,"X":1.0},"Maximum":{"Y":0.0,"X":1.0}},"Scale":{"Y":1.0,"X":1.0},"RelativePos":{"Y":227.96331787109,"X":-452.39987182617}},{"OriginSize":{"Y":45.0,"X":45.0},"Type":33,"Opacity":1.0,"AnchorType":{"Minimum":{"Y":0.0,"X":1.0},"Maximum":{"Y":0.0,"X":1.0}},"Scale":{"Y":1.0,"X":1.0},"RelativePos":{"Y":240.58799743652,"X":-56.0}},{"OriginSize":{"Y":70.0,"X":70.0},"Type":34,"Opacity":1.0,"AnchorType":{"Minimum":{"Y":1.0,"X":0.0},"Maximum":{"Y":1.0,"X":0.0}},"Scale":{"Y":1.0,"X":1.0},"RelativePos":{"Y":-332.0,"X":246.0}},{"OriginSize":{"Y":80.0,"X":80.0},"Type":35,"Opacity":1.0,"AnchorType":{"Minimum":{"Y":1.0,"X":1.0},"Maximum":{"Y":1.0,"X":1.0}},"Scale":{"Y":1.0,"X":1.0},"RelativePos":{"Y":-235.31248474121,"X":-80.0}}],"RushTriggerLength2":300.0,"SaveSlotName":"UIElemLayout_Slot","LayoutDetailDict2":[],"IsDataValid1":true,"IsDataValid2":false,"IsDataValid3":false,"RushTriggerLength1":150.0,"TimeTag":0,"RushTriggerLength3":300.0,"LayoutDetailDict3":[]}