﻿{"TimeTag":0,"RushTriggerLength2":300.0,"LayoutDetailDict2":[{"AnchorType":{"Maximum":{"Y":0.0,"X":1.0},"Minimum":{"Y":0.0,"X":1.0}},"Scale":{"Y":1.0,"X":1.0},"OriginSize":{"Y":80.0,"X":80.0},"Type":10,"Opacity":1.0,"RelativePos":{"Y":158.0,"X":-295.0}},{"AnchorType":{"Maximum":{"Y":1.0,"X":1.0},"Minimum":{"Y":1.0,"X":1.0}},"Scale":{"Y":1.0,"X":1.0},"OriginSize":{"Y":70.0,"X":70.0},"Type":19,"Opacity":1.0,"RelativePos":{"Y":-80.0,"X":-210.0}},{"AnchorType":{"Maximum":{"Y":1.0,"X":0.5},"Minimum":{"Y":1.0,"X":0.5}},"Scale":{"Y":1.0,"X":1.0},"OriginSize":{"Y":89.0,"X":61.0},"Type":9,"Opacity":1.0,"RelativePos":{"Y":-99.0,"X":181.0}},{"AnchorType":{"Maximum":{"Y":1.0,"X":1.0},"Minimum":{"Y":1.0,"X":1.0}},"Scale":{"Y":1.0,"X":1.0},"OriginSize":{"Y":68.0,"X":68.0},"Type":13,"Opacity":1.0,"RelativePos":{"Y":-74.0,"X":-302.0}},{"AnchorType":{"Maximum":{"Y":1.0,"X":1.0},"Minimum":{"Y":1.0,"X":1.0}},"Scale":{"Y":1.0,"X":1.0},"OriginSize":{"Y":68.0,"X":68.0},"Type":18,"Opacity":1.0,"RelativePos":{"Y":-79.353942871094,"X":-121.84609222412}},{"AnchorType":{"Maximum":{"Y":1.0,"X":1.0},"Minimum":{"Y":1.0,"X":1.0}},"Scale":{"Y":1.0,"X":1.0},"OriginSize":{"Y":80.0,"X":80.0},"Type":17,"Opacity":1.0,"RelativePos":{"Y":-242.0,"X":-86.0}},{"AnchorType":{"Maximum":{"Y":1.0,"X":1.0},"Minimum":{"Y":1.0,"X":1.0}},"Scale":{"Y":1.0,"X":1.0},"OriginSize":{"Y":70.0,"X":70.0},"Type":15,"Opacity":1.0,"RelativePos":{"Y":-339.5,"X":-80.5}},{"AnchorType":{"Maximum":{"Y":0.0,"X":1.0},"Minimum":{"Y":0.0,"X":1.0}},"Scale":{"Y":1.0,"X":1.0},"OriginSize":{"Y":46.0,"X":45.0},"Type":14,"Opacity":1.0,"RelativePos":{"Y":198.0,"X":-115.0}},{"AnchorType":{"Maximum":{"Y":1.0,"X":0.0},"Minimum":{"Y":1.0,"X":0.0}},"Scale":{"Y":1.0,"X":1.0},"OriginSize":{"Y":60.0,"X":60.0},"Type":1,"Opacity":1.0,"RelativePos":{"Y":-87.052062988281,"X":51.218544006348}},{"AnchorType":{"Maximum":{"Y":0.0,"X":1.0},"Minimum":{"Y":0.0,"X":1.0}},"Scale":{"Y":1.0,"X":1.0},"OriginSize":{"Y":42.0,"X":42.0},"Type":11,"Opacity":1.0,"RelativePos":{"Y":138.75247192383,"X":-213.48789978027}},{"AnchorType":{"Maximum":{"Y":1.0,"X":1.0},"Minimum":{"Y":1.0,"X":1.0}},"Scale":{"Y":1.0,"X":1.0},"OriginSize":{"Y":115.0,"X":115.0},"Type":16,"Opacity":1.0,"RelativePos":{"Y":-217.0,"X":-226.0}},{"AnchorType":{"Maximum":{"Y":0.5,"X":0.0},"Minimum":{"Y":0.5,"X":0.0}},"Scale":{"Y":1.0,"X":1.0},"OriginSize":{"Y":100.0,"X":100.0},"Type":0,"Opacity":1.0,"RelativePos":{"Y":-43.168132781982,"X":25.592359542847}},{"AnchorType":{"Maximum":{"Y":0.0,"X":0.0},"Minimum":{"Y":0.0,"X":0.0}},"Scale":{"Y":1.0,"X":1.0},"OriginSize":{"Y":170.0,"X":170.0},"Type":2,"Opacity":1.0,"RelativePos":{"Y":0.75,"X":0.15999999642372}},{"AnchorType":{"Maximum":{"Y":1.0,"X":1.0},"Minimum":{"Y":1.0,"X":1.0}},"Scale":{"Y":1.0,"X":1.0},"OriginSize":{"Y":135.31745910645,"X":118.0},"Type":8,"Opacity":1.0,"RelativePos":{"Y":-394.529296875,"X":-427.0}},{"AnchorType":{"Maximum":{"Y":1.0,"X":1.0},"Minimum":{"Y":1.0,"X":1.0}},"Scale":{"Y":1.0,"X":1.0},"OriginSize":{"Y":54.0,"X":118.0},"Type":6,"Opacity":1.0,"RelativePos":{"Y":-227.20721435547,"X":-427.0}},{"AnchorType":{"Maximum":{"Y":1.0,"X":0.5},"Minimum":{"Y":1.0,"X":0.5}},"Scale":{"Y":1.0,"X":1.0},"OriginSize":{"Y":151.0,"X":136.0},"Type":7,"Opacity":1.0,"RelativePos":{"Y":-282.0,"X":-67.0}},{"AnchorType":{"Maximum":{"Y":0.0,"X":1.0},"Minimum":{"Y":0.0,"X":1.0}},"Scale":{"Y":1.0,"X":1.0},"OriginSize":{"Y":187.0,"X":155.0},"Type":12,"Opacity":1.0,"RelativePos":{"Y":-0.20000000298023,"X":-155.5}},{"AnchorType":{"Maximum":{"Y":1.0,"X":0.5},"Minimum":{"Y":1.0,"X":0.5}},"Scale":{"Y":1.0,"X":1.0},"OriginSize":{"Y":83.0,"X":148.0},"Type":5,"Opacity":1.0,"RelativePos":{"Y":-121.0,"X":2.0}},{"AnchorType":{"Maximum":{"Y":1.0,"X":0.5},"Minimum":{"Y":1.0,"X":0.5}},"Scale":{"Y":1.0,"X":1.0},"OriginSize":{"Y":83.0,"X":148.0},"Type":4,"Opacity":1.0,"RelativePos":{"Y":-121.0,"X":-150.0}},{"AnchorType":{"Maximum":{"Y":1.0,"X":0.5},"Minimum":{"Y":1.0,"X":0.5}},"Scale":{"Y":1.0,"X":1.0},"OriginSize":{"Y":89.0,"X":61.0},"Type":3,"Opacity":1.0,"RelativePos":{"Y":-99.0,"X":-245.0}},{"AnchorType":{"Maximum":{"Y":0.0,"X":1.0},"Minimum":{"Y":0.0,"X":1.0}},"Scale":{"Y":1.0,"X":1.0},"OriginSize":{"Y":224.05249023438,"X":181.5},"Type":20,"Opacity":1.0,"RelativePos":{"Y":162.0,"X":-484.0}},{"AnchorType":{"Maximum":{"Y":1.0,"X":0.0},"Minimum":{"Y":1.0,"X":0.0}},"Scale":{"Y":1.0,"X":1.0},"OriginSize":{"Y":60.0,"X":60.0},"Type":21,"Opacity":1.0,"RelativePos":{"Y":-435.0,"X":127.0}},{"AnchorType":{"Maximum":{"Y":1.0,"X":0.0},"Minimum":{"Y":1.0,"X":0.0}},"Scale":{"Y":1.0,"X":1.0},"OriginSize":{"Y":60.0,"X":60.0},"Type":22,"Opacity":1.0,"RelativePos":{"Y":-435.0,"X":219.0}},{"AnchorType":{"Maximum":{"Y":0.0,"X":1.0},"Minimum":{"Y":0.0,"X":1.0}},"Scale":{"Y":1.0,"X":1.0},"OriginSize":{"Y":230.0,"X":202.0},"Type":23,"Opacity":1.0,"RelativePos":{"Y":4.0,"X":-362.0}},{"AnchorType":{"Maximum":{"Y":1.0,"X":1.0},"Minimum":{"Y":1.0,"X":1.0}},"Scale":{"Y":1.0,"X":1.0},"OriginSize":{"Y":72.571426391602,"X":76.285713195801},"Type":24,"Opacity":1.0,"RelativePos":{"Y":-390.0,"X":-145.0}},{"AnchorType":{"Maximum":{"Y":0.0,"X":0.0},"Minimum":{"Y":0.0,"X":0.0}},"Scale":{"Y":1.0,"X":1.0},"OriginSize":{"Y":178.0,"X":337.0},"Type":25,"Opacity":1.0,"RelativePos":{"Y":41.0,"X":0.0}},{"AnchorType":{"Maximum":{"Y":1.0,"X":0.0},"Minimum":{"Y":1.0,"X":0.0}},"Scale":{"Y":1.0,"X":1.0},"OriginSize":{"Y":44.0,"X":44.0},"Type":26,"Opacity":1.0,"RelativePos":{"Y":-56.0,"X":237.0}},{"AnchorType":{"Maximum":{"Y":1.0,"X":0.5},"Minimum":{"Y":1.0,"X":0.5}},"Scale":{"Y":1.0,"X":1.0},"OriginSize":{"Y":32.0,"X":148.0},"Type":27,"Opacity":1.0,"RelativePos":{"Y":-118.0,"X":2.0}},{"AnchorType":{"Maximum":{"Y":0.5,"X":0.0},"Minimum":{"Y":0.5,"X":0.0}},"Scale":{"Y":1.0,"X":1.0},"OriginSize":{"Y":52.0,"X":52.0},"Type":28,"Opacity":1.0,"RelativePos":{"Y":-216.0,"X":323.0}},{"AnchorType":{"Maximum":{"Y":1.0,"X":1.0},"Minimum":{"Y":1.0,"X":1.0}},"Scale":{"Y":1.0,"X":1.0},"OriginSize":{"Y":46.0,"X":46.0},"Type":29,"Opacity":1.0,"RelativePos":{"Y":-502.0,"X":-394.0}},{"AnchorType":{"Maximum":{"Y":0.0,"X":0.0},"Minimum":{"Y":0.0,"X":0.0}},"Scale":{"Y":1.0,"X":1.0},"OriginSize":{"Y":98.0,"X":98.0},"Type":30,"Opacity":1.0,"RelativePos":{"Y":0.0,"X":0.0}},{"AnchorType":{"Maximum":{"Y":0.0,"X":1.0},"Minimum":{"Y":0.0,"X":1.0}},"Scale":{"Y":1.0,"X":1.0},"OriginSize":{"Y":46.0,"X":46.0},"Type":31,"Opacity":1.0,"RelativePos":{"Y":138.0,"X":-341.0}},{"AnchorType":{"Maximum":{"Y":0.0,"X":1.0},"Minimum":{"Y":0.0,"X":1.0}},"Scale":{"Y":1.0,"X":1.0},"OriginSize":{"Y":45.0,"X":45.0},"Type":33,"Opacity":1.0,"RelativePos":{"Y":240.0,"X":-56.0}},{"AnchorType":{"Maximum":{"Y":1.0,"X":0.0},"Minimum":{"Y":1.0,"X":0.0}},"Scale":{"Y":1.0,"X":1.0},"OriginSize":{"Y":70.0,"X":70.0},"Type":34,"Opacity":1.0,"RelativePos":{"Y":-332.0,"X":246.0}},{"AnchorType":{"Maximum":{"Y":1.0,"X":1.0},"Minimum":{"Y":1.0,"X":1.0}},"Scale":{"Y":1.0,"X":1.0},"OriginSize":{"Y":80.0,"X":80.0},"Type":35,"Opacity":1.0,"RelativePos":{"Y":-158.0,"X":-85.929946899414}}],"RushTriggerLength3":300.0,"IsDataValid2":true,"SaveSlotName":"UIElemLayout_Slot01","RushTriggerLength1":178.81173706055,"IsDataValid3":true,"IsDataValid1":true,"LayoutDetailDict3":[{"AnchorType":{"Maximum":{"Y":0.0,"X":1.0},"Minimum":{"Y":0.0,"X":1.0}},"Scale":{"Y":1.0,"X":1.0},"OriginSize":{"Y":80.0,"X":80.0},"Type":10,"Opacity":1.0,"RelativePos":{"Y":158.0,"X":-295.0}},{"AnchorType":{"Maximum":{"Y":1.0,"X":1.0},"Minimum":{"Y":1.0,"X":1.0}},"Scale":{"Y":1.0,"X":1.0},"OriginSize":{"Y":70.0,"X":70.0},"Type":19,"Opacity":1.0,"RelativePos":{"Y":-80.0,"X":-210.0}},{"AnchorType":{"Maximum":{"Y":1.0,"X":0.5},"Minimum":{"Y":1.0,"X":0.5}},"Scale":{"Y":1.0,"X":1.0},"OriginSize":{"Y":89.0,"X":61.0},"Type":9,"Opacity":1.0,"RelativePos":{"Y":-99.0,"X":181.0}},{"AnchorType":{"Maximum":{"Y":1.0,"X":1.0},"Minimum":{"Y":1.0,"X":1.0}},"Scale":{"Y":1.0,"X":1.0},"OriginSize":{"Y":68.0,"X":68.0},"Type":13,"Opacity":1.0,"RelativePos":{"Y":-74.0,"X":-302.0}},{"AnchorType":{"Maximum":{"Y":1.0,"X":1.0},"Minimum":{"Y":1.0,"X":1.0}},"Scale":{"Y":1.0,"X":1.0},"OriginSize":{"Y":68.0,"X":68.0},"Type":18,"Opacity":1.0,"RelativePos":{"Y":-79.353942871094,"X":-121.84609222412}},{"AnchorType":{"Maximum":{"Y":1.0,"X":1.0},"Minimum":{"Y":1.0,"X":1.0}},"Scale":{"Y":1.0,"X":1.0},"OriginSize":{"Y":80.0,"X":80.0},"Type":17,"Opacity":1.0,"RelativePos":{"Y":-242.0,"X":-86.0}},{"AnchorType":{"Maximum":{"Y":1.0,"X":1.0},"Minimum":{"Y":1.0,"X":1.0}},"Scale":{"Y":1.0,"X":1.0},"OriginSize":{"Y":70.0,"X":70.0},"Type":15,"Opacity":1.0,"RelativePos":{"Y":-339.5,"X":-80.5}},{"AnchorType":{"Maximum":{"Y":0.0,"X":1.0},"Minimum":{"Y":0.0,"X":1.0}},"Scale":{"Y":1.0,"X":1.0},"OriginSize":{"Y":46.0,"X":45.0},"Type":14,"Opacity":1.0,"RelativePos":{"Y":198.0,"X":-115.0}},{"AnchorType":{"Maximum":{"Y":1.0,"X":0.0},"Minimum":{"Y":1.0,"X":0.0}},"Scale":{"Y":1.0,"X":1.0},"OriginSize":{"Y":60.0,"X":60.0},"Type":1,"Opacity":1.0,"RelativePos":{"Y":-87.052062988281,"X":51.218544006348}},{"AnchorType":{"Maximum":{"Y":0.0,"X":1.0},"Minimum":{"Y":0.0,"X":1.0}},"Scale":{"Y":1.0,"X":1.0},"OriginSize":{"Y":42.0,"X":42.0},"Type":11,"Opacity":1.0,"RelativePos":{"Y":138.75247192383,"X":-213.48789978027}},{"AnchorType":{"Maximum":{"Y":1.0,"X":1.0},"Minimum":{"Y":1.0,"X":1.0}},"Scale":{"Y":1.0,"X":1.0},"OriginSize":{"Y":115.0,"X":115.0},"Type":16,"Opacity":1.0,"RelativePos":{"Y":-217.0,"X":-226.0}},{"AnchorType":{"Maximum":{"Y":0.5,"X":0.0},"Minimum":{"Y":0.5,"X":0.0}},"Scale":{"Y":1.0,"X":1.0},"OriginSize":{"Y":100.0,"X":100.0},"Type":0,"Opacity":1.0,"RelativePos":{"Y":-43.168132781982,"X":25.592359542847}},{"AnchorType":{"Maximum":{"Y":0.0,"X":0.0},"Minimum":{"Y":0.0,"X":0.0}},"Scale":{"Y":1.0,"X":1.0},"OriginSize":{"Y":170.0,"X":170.0},"Type":2,"Opacity":1.0,"RelativePos":{"Y":0.75,"X":0.15999999642372}},{"AnchorType":{"Maximum":{"Y":1.0,"X":1.0},"Minimum":{"Y":1.0,"X":1.0}},"Scale":{"Y":1.0,"X":1.0},"OriginSize":{"Y":135.31745910645,"X":118.0},"Type":8,"Opacity":1.0,"RelativePos":{"Y":-394.529296875,"X":-427.0}},{"AnchorType":{"Maximum":{"Y":1.0,"X":1.0},"Minimum":{"Y":1.0,"X":1.0}},"Scale":{"Y":1.0,"X":1.0},"OriginSize":{"Y":54.0,"X":118.0},"Type":6,"Opacity":1.0,"RelativePos":{"Y":-227.20721435547,"X":-427.0}},{"AnchorType":{"Maximum":{"Y":1.0,"X":0.5},"Minimum":{"Y":1.0,"X":0.5}},"Scale":{"Y":1.0,"X":1.0},"OriginSize":{"Y":151.0,"X":136.0},"Type":7,"Opacity":1.0,"RelativePos":{"Y":-282.0,"X":-67.0}},{"AnchorType":{"Maximum":{"Y":0.0,"X":1.0},"Minimum":{"Y":0.0,"X":1.0}},"Scale":{"Y":1.0,"X":1.0},"OriginSize":{"Y":187.0,"X":155.0},"Type":12,"Opacity":1.0,"RelativePos":{"Y":-0.20000000298023,"X":-155.5}},{"AnchorType":{"Maximum":{"Y":1.0,"X":0.5},"Minimum":{"Y":1.0,"X":0.5}},"Scale":{"Y":1.0,"X":1.0},"OriginSize":{"Y":83.0,"X":148.0},"Type":5,"Opacity":1.0,"RelativePos":{"Y":-121.0,"X":2.0}},{"AnchorType":{"Maximum":{"Y":1.0,"X":0.5},"Minimum":{"Y":1.0,"X":0.5}},"Scale":{"Y":1.0,"X":1.0},"OriginSize":{"Y":83.0,"X":148.0},"Type":4,"Opacity":1.0,"RelativePos":{"Y":-121.0,"X":-150.0}},{"AnchorType":{"Maximum":{"Y":1.0,"X":0.5},"Minimum":{"Y":1.0,"X":0.5}},"Scale":{"Y":1.0,"X":1.0},"OriginSize":{"Y":89.0,"X":61.0},"Type":3,"Opacity":1.0,"RelativePos":{"Y":-99.0,"X":-245.0}},{"AnchorType":{"Maximum":{"Y":0.0,"X":1.0},"Minimum":{"Y":0.0,"X":1.0}},"Scale":{"Y":1.0,"X":1.0},"OriginSize":{"Y":224.05249023438,"X":181.5},"Type":20,"Opacity":1.0,"RelativePos":{"Y":162.0,"X":-484.0}},{"AnchorType":{"Maximum":{"Y":1.0,"X":0.0},"Minimum":{"Y":1.0,"X":0.0}},"Scale":{"Y":1.0,"X":1.0},"OriginSize":{"Y":60.0,"X":60.0},"Type":21,"Opacity":1.0,"RelativePos":{"Y":-435.0,"X":127.0}},{"AnchorType":{"Maximum":{"Y":1.0,"X":0.0},"Minimum":{"Y":1.0,"X":0.0}},"Scale":{"Y":1.0,"X":1.0},"OriginSize":{"Y":60.0,"X":60.0},"Type":22,"Opacity":1.0,"RelativePos":{"Y":-435.0,"X":219.0}},{"AnchorType":{"Maximum":{"Y":0.0,"X":1.0},"Minimum":{"Y":0.0,"X":1.0}},"Scale":{"Y":1.0,"X":1.0},"OriginSize":{"Y":230.0,"X":202.0},"Type":23,"Opacity":1.0,"RelativePos":{"Y":4.0,"X":-362.0}},{"AnchorType":{"Maximum":{"Y":1.0,"X":1.0},"Minimum":{"Y":1.0,"X":1.0}},"Scale":{"Y":1.0,"X":1.0},"OriginSize":{"Y":72.571426391602,"X":76.285713195801},"Type":24,"Opacity":1.0,"RelativePos":{"Y":-390.0,"X":-145.0}},{"AnchorType":{"Maximum":{"Y":0.0,"X":0.0},"Minimum":{"Y":0.0,"X":0.0}},"Scale":{"Y":1.0,"X":1.0},"OriginSize":{"Y":178.0,"X":337.0},"Type":25,"Opacity":1.0,"RelativePos":{"Y":41.0,"X":0.0}},{"AnchorType":{"Maximum":{"Y":1.0,"X":0.0},"Minimum":{"Y":1.0,"X":0.0}},"Scale":{"Y":1.0,"X":1.0},"OriginSize":{"Y":44.0,"X":44.0},"Type":26,"Opacity":1.0,"RelativePos":{"Y":-56.0,"X":237.0}},{"AnchorType":{"Maximum":{"Y":1.0,"X":0.5},"Minimum":{"Y":1.0,"X":0.5}},"Scale":{"Y":1.0,"X":1.0},"OriginSize":{"Y":32.0,"X":148.0},"Type":27,"Opacity":1.0,"RelativePos":{"Y":-118.0,"X":2.0}},{"AnchorType":{"Maximum":{"Y":0.5,"X":0.0},"Minimum":{"Y":0.5,"X":0.0}},"Scale":{"Y":1.0,"X":1.0},"OriginSize":{"Y":52.0,"X":52.0},"Type":28,"Opacity":1.0,"RelativePos":{"Y":-216.0,"X":323.0}},{"AnchorType":{"Maximum":{"Y":1.0,"X":1.0},"Minimum":{"Y":1.0,"X":1.0}},"Scale":{"Y":1.0,"X":1.0},"OriginSize":{"Y":46.0,"X":46.0},"Type":29,"Opacity":1.0,"RelativePos":{"Y":-502.0,"X":-394.0}},{"AnchorType":{"Maximum":{"Y":0.0,"X":0.0},"Minimum":{"Y":0.0,"X":0.0}},"Scale":{"Y":1.0,"X":1.0},"OriginSize":{"Y":98.0,"X":98.0},"Type":30,"Opacity":1.0,"RelativePos":{"Y":0.0,"X":0.0}},{"AnchorType":{"Maximum":{"Y":0.0,"X":1.0},"Minimum":{"Y":0.0,"X":1.0}},"Scale":{"Y":1.0,"X":1.0},"OriginSize":{"Y":46.0,"X":46.0},"Type":31,"Opacity":1.0,"RelativePos":{"Y":138.0,"X":-341.0}},{"AnchorType":{"Maximum":{"Y":0.0,"X":1.0},"Minimum":{"Y":0.0,"X":1.0}},"Scale":{"Y":1.0,"X":1.0},"OriginSize":{"Y":45.0,"X":45.0},"Type":33,"Opacity":1.0,"RelativePos":{"Y":240.0,"X":-56.0}},{"AnchorType":{"Maximum":{"Y":1.0,"X":0.0},"Minimum":{"Y":1.0,"X":0.0}},"Scale":{"Y":1.0,"X":1.0},"OriginSize":{"Y":70.0,"X":70.0},"Type":34,"Opacity":1.0,"RelativePos":{"Y":-332.0,"X":246.0}},{"AnchorType":{"Maximum":{"Y":1.0,"X":1.0},"Minimum":{"Y":1.0,"X":1.0}},"Scale":{"Y":1.0,"X":1.0},"OriginSize":{"Y":80.0,"X":80.0},"Type":35,"Opacity":1.0,"RelativePos":{"Y":-158.0,"X":-85.929946899414}}],"LayoutDetailDict1":[{"AnchorType":{"Maximum":{"Y":0.0,"X":1.0},"Minimum":{"Y":0.0,"X":1.0}},"Scale":{"Y":1.0,"X":1.0},"OriginSize":{"Y":80.0,"X":80.0},"Type":10,"Opacity":1.0,"RelativePos":{"Y":275.89297485352,"X":-82.345291137695}},{"AnchorType":{"Maximum":{"Y":1.0,"X":1.0},"Minimum":{"Y":1.0,"X":1.0}},"Scale":{"Y":1.3468015193939,"X":1.3468015193939},"OriginSize":{"Y":70.0,"X":70.0},"Type":19,"Opacity":0.35682401061058,"RelativePos":{"Y":-99.770858764648,"X":-82.138061523438}},{"AnchorType":{"Maximum":{"Y":1.0,"X":0.5},"Minimum":{"Y":1.0,"X":0.5}},"Scale":{"Y":1.0,"X":1.0},"OriginSize":{"Y":89.0,"X":61.0},"Type":9,"Opacity":1.0,"RelativePos":{"Y":-218.78991699219,"X":21.209119796753}},{"AnchorType":{"Maximum":{"Y":1.0,"X":1.0},"Minimum":{"Y":1.0,"X":1.0}},"Scale":{"Y":1.5857193470001,"X":1.5857193470001},"OriginSize":{"Y":68.0,"X":68.0},"Type":13,"Opacity":0.44307604432106,"RelativePos":{"Y":-88.089637756348,"X":-429.7483215332}},{"AnchorType":{"Maximum":{"Y":1.0,"X":1.0},"Minimum":{"Y":1.0,"X":1.0}},"Scale":{"Y":1.4218332767487,"X":1.4218332767487},"OriginSize":{"Y":68.0,"X":68.0},"Type":18,"Opacity":0.80639386177063,"RelativePos":{"Y":-238.16090393066,"X":-190.54275512695}},{"AnchorType":{"Maximum":{"Y":1.0,"X":1.0},"Minimum":{"Y":1.0,"X":1.0}},"Scale":{"Y":1.4852397441864,"X":1.4852397441864},"OriginSize":{"Y":80.0,"X":80.0},"Type":17,"Opacity":0.34467738866806,"RelativePos":{"Y":-220.24877929688,"X":-99.409545898438}},{"AnchorType":{"Maximum":{"Y":1.0,"X":1.0},"Minimum":{"Y":1.0,"X":1.0}},"Scale":{"Y":2.0,"X":2.0},"OriginSize":{"Y":70.0,"X":70.0},"Type":15,"Opacity":0.29169365763664,"RelativePos":{"Y":-600.91766357422,"X":-286.84393310547}},{"AnchorType":{"Maximum":{"Y":0.0,"X":1.0},"Minimum":{"Y":0.0,"X":1.0}},"Scale":{"Y":1.0,"X":1.0},"OriginSize":{"Y":46.0,"X":45.0},"Type":14,"Opacity":1.0,"RelativePos":{"Y":336.47299194336,"X":-110.19132232666}},{"AnchorType":{"Maximum":{"Y":1.0,"X":0.0},"Minimum":{"Y":1.0,"X":0.0}},"Scale":{"Y":1.4407429695129,"X":1.4407429695129},"OriginSize":{"Y":60.0,"X":60.0},"Type":1,"Opacity":0.3309970498085,"RelativePos":{"Y":-413.37713623047,"X":84.311576843262}},{"AnchorType":{"Maximum":{"Y":0.0,"X":1.0},"Minimum":{"Y":0.0,"X":1.0}},"Scale":{"Y":2.0,"X":2.0},"OriginSize":{"Y":42.0,"X":42.0},"Type":11,"Opacity":1.0,"RelativePos":{"Y":434.15069580078,"X":-765.23870849609}},{"AnchorType":{"Maximum":{"Y":1.0,"X":1.0},"Minimum":{"Y":1.0,"X":1.0}},"Scale":{"Y":2.0,"X":2.0},"OriginSize":{"Y":115.0,"X":115.0},"Type":16,"Opacity":0.10000000149012,"RelativePos":{"Y":-578.27838134766,"X":-1005.341796875}},{"AnchorType":{"Maximum":{"Y":0.5,"X":0.0},"Minimum":{"Y":0.5,"X":0.0}},"Scale":{"Y":2.0,"X":2.0},"OriginSize":{"Y":100.0,"X":100.0},"Type":0,"Opacity":0.15923394262791,"RelativePos":{"Y":-267.95883178711,"X":137.9210357666}},{"AnchorType":{"Maximum":{"Y":0.0,"X":0.0},"Minimum":{"Y":0.0,"X":0.0}},"Scale":{"Y":0.73477327823639,"X":0.73477327823639},"OriginSize":{"Y":170.0,"X":170.0},"Type":2,"Opacity":0.55282831192017,"RelativePos":{"Y":0.87404721975327,"X":0.2082135528326}},{"AnchorType":{"Maximum":{"Y":1.0,"X":1.0},"Minimum":{"Y":1.0,"X":1.0}},"Scale":{"Y":1.0,"X":1.0},"OriginSize":{"Y":135.31745910645,"X":118.0},"Type":8,"Opacity":1.0,"RelativePos":{"Y":-305.74203491211,"X":-1186.4377441406}},{"AnchorType":{"Maximum":{"Y":1.0,"X":1.0},"Minimum":{"Y":1.0,"X":1.0}},"Scale":{"Y":1.0,"X":1.0},"OriginSize":{"Y":54.0,"X":118.0},"Type":6,"Opacity":1.0,"RelativePos":{"Y":-315.99435424805,"X":-835.65484619141}},{"AnchorType":{"Maximum":{"Y":1.0,"X":0.5},"Minimum":{"Y":1.0,"X":0.5}},"Scale":{"Y":1.0,"X":1.0},"OriginSize":{"Y":151.0,"X":136.0},"Type":7,"Opacity":1.0,"RelativePos":{"Y":-391.36700439453,"X":-77.57160949707}},{"AnchorType":{"Maximum":{"Y":0.0,"X":1.0},"Minimum":{"Y":0.0,"X":1.0}},"Scale":{"Y":1.1192744970322,"X":1.1192744970322},"OriginSize":{"Y":187.0,"X":155.0},"Type":12,"Opacity":1.0,"RelativePos":{"Y":11.152165412903,"X":-164.24377441406}},{"AnchorType":{"Maximum":{"Y":1.0,"X":0.5},"Minimum":{"Y":1.0,"X":0.5}},"Scale":{"Y":1.0,"X":1.0},"OriginSize":{"Y":83.0,"X":148.0},"Type":5,"Opacity":1.0,"RelativePos":{"Y":-123.3519744873,"X":-149.90754699707}},{"AnchorType":{"Maximum":{"Y":1.0,"X":0.5},"Minimum":{"Y":1.0,"X":0.5}},"Scale":{"Y":1.0,"X":1.0},"OriginSize":{"Y":83.0,"X":148.0},"Type":4,"Opacity":1.0,"RelativePos":{"Y":-117.47203826904,"X":1.3242166042328}},{"AnchorType":{"Maximum":{"Y":1.0,"X":0.5},"Minimum":{"Y":1.0,"X":0.5}},"Scale":{"Y":1.0,"X":1.0},"OriginSize":{"Y":89.0,"X":61.0},"Type":3,"Opacity":1.0,"RelativePos":{"Y":-233.5524597168,"X":-63.614227294922}},{"AnchorType":{"Maximum":{"Y":0.0,"X":1.0},"Minimum":{"Y":0.0,"X":1.0}},"Scale":{"Y":1.0,"X":1.0},"OriginSize":{"Y":224.05249023438,"X":181.5},"Type":20,"Opacity":1.0,"RelativePos":{"Y":162.0,"X":-484.0}},{"AnchorType":{"Maximum":{"Y":1.0,"X":0.0},"Minimum":{"Y":1.0,"X":0.0}},"Scale":{"Y":2.0,"X":2.0},"OriginSize":{"Y":60.0,"X":60.0},"Type":21,"Opacity":0.28233024477959,"RelativePos":{"Y":-326.19400024414,"X":809.53375244141}},{"AnchorType":{"Maximum":{"Y":1.0,"X":0.0},"Minimum":{"Y":1.0,"X":0.0}},"Scale":{"Y":2.0,"X":2.0},"OriginSize":{"Y":60.0,"X":60.0},"Type":22,"Opacity":0.32575467228889,"RelativePos":{"Y":-330.44152832031,"X":926.29376220703}},{"AnchorType":{"Maximum":{"Y":0.0,"X":1.0},"Minimum":{"Y":0.0,"X":1.0}},"Scale":{"Y":1.0985548496246,"X":1.0985548496246},"OriginSize":{"Y":230.0,"X":202.0},"Type":23,"Opacity":0.4884906411171,"RelativePos":{"Y":195.8148651123,"X":-211.9541015625}},{"AnchorType":{"Maximum":{"Y":1.0,"X":1.0},"Minimum":{"Y":1.0,"X":1.0}},"Scale":{"Y":1.0,"X":1.0},"OriginSize":{"Y":72.571426391602,"X":76.285713195801},"Type":24,"Opacity":1.0,"RelativePos":{"Y":-386.24032592773,"X":-1202.01953125}},{"AnchorType":{"Maximum":{"Y":0.0,"X":0.0},"Minimum":{"Y":0.0,"X":0.0}},"Scale":{"Y":0.99636054039001,"X":0.99636054039001},"OriginSize":{"Y":178.0,"X":337.0},"Type":25,"Opacity":0.9028999209404,"RelativePos":{"Y":42.175964355469,"X":-0.61324894428253}},{"AnchorType":{"Maximum":{"Y":1.0,"X":0.0},"Minimum":{"Y":1.0,"X":0.0}},"Scale":{"Y":1.0,"X":1.0},"OriginSize":{"Y":44.0,"X":44.0},"Type":26,"Opacity":1.0,"RelativePos":{"Y":-56.0,"X":237.0}},{"AnchorType":{"Maximum":{"Y":1.0,"X":0.5},"Minimum":{"Y":1.0,"X":0.5}},"Scale":{"Y":1.0,"X":1.0},"OriginSize":{"Y":32.0,"X":148.0},"Type":27,"Opacity":1.0,"RelativePos":{"Y":-271.46658325195,"X":474.19555664062}},{"AnchorType":{"Maximum":{"Y":0.5,"X":0.0},"Minimum":{"Y":0.5,"X":0.0}},"Scale":{"Y":1.0,"X":1.0},"OriginSize":{"Y":52.0,"X":52.0},"Type":28,"Opacity":1.0,"RelativePos":{"Y":-75.469253540039,"X":235.09332275391}},{"AnchorType":{"Maximum":{"Y":1.0,"X":1.0},"Minimum":{"Y":1.0,"X":1.0}},"Scale":{"Y":1.0,"X":1.0},"OriginSize":{"Y":46.0,"X":46.0},"Type":29,"Opacity":1.0,"RelativePos":{"Y":-422.22344970703,"X":-529.66809082031}},{"AnchorType":{"Maximum":{"Y":0.0,"X":0.0},"Minimum":{"Y":0.0,"X":0.0}},"Scale":{"Y":1.0,"X":1.0},"OriginSize":{"Y":98.0,"X":98.0},"Type":30,"Opacity":1.0,"RelativePos":{"Y":377.01034545898,"X":273.64044189453}},{"AnchorType":{"Maximum":{"Y":0.0,"X":1.0},"Minimum":{"Y":0.0,"X":1.0}},"Scale":{"Y":1.239825963974,"X":1.239825963974},"OriginSize":{"Y":46.0,"X":46.0},"Type":31,"Opacity":1.0,"RelativePos":{"Y":266.77069091797,"X":-533.63677978516}},{"AnchorType":{"Maximum":{"Y":0.0,"X":1.0},"Minimum":{"Y":0.0,"X":1.0}},"Scale":{"Y":1.0,"X":1.0},"OriginSize":{"Y":45.0,"X":45.0},"Type":33,"Opacity":1.0,"RelativePos":{"Y":274.78274536133,"X":-126.22108459473}},{"AnchorType":{"Maximum":{"Y":1.0,"X":0.0},"Minimum":{"Y":1.0,"X":0.0}},"Scale":{"Y":1.0,"X":1.0},"OriginSize":{"Y":70.0,"X":70.0},"Type":34,"Opacity":1.0,"RelativePos":{"Y":-388.44744873047,"X":183.69972229004}},{"AnchorType":{"Maximum":{"Y":1.0,"X":1.0},"Minimum":{"Y":1.0,"X":1.0}},"Scale":{"Y":1.0,"X":1.0},"OriginSize":{"Y":80.0,"X":80.0},"Type":35,"Opacity":1.0,"RelativePos":{"Y":-319.69860839844,"X":-541.6806640625}},{"AnchorType":{"Maximum":{"Y":1.0,"X":1.0},"Minimum":{"Y":1.0,"X":1.0}},"Scale":{"Y":1.0,"X":1.0},"OriginSize":{"Y":68.0,"X":68.0},"Type":75,"Opacity":1.0,"RelativePos":{"Y":-91.917663574219,"X":-342.52026367188}},{"AnchorType":{"Maximum":{"Y":0.5,"X":0.0},"Minimum":{"Y":0.5,"X":0.0}},"Scale":{"Y":2.0,"X":2.0},"OriginSize":{"Y":100.0,"X":100.0},"Type":77,"Opacity":0.15923394262791,"RelativePos":{"Y":-267.95883178711,"X":137.9210357666}},{"AnchorType":{"Maximum":{"Y":1.0,"X":1.0},"Minimum":{"Y":1.0,"X":1.0}},"Scale":{"Y":2.0,"X":2.0},"OriginSize":{"Y":115.0,"X":115.0},"Type":78,"Opacity":0.10000000149012,"RelativePos":{"Y":-578.41766357422,"X":-1009.8537597656}},{"AnchorType":{"Maximum":{"Y":1.0,"X":1.0},"Minimum":{"Y":1.0,"X":1.0}},"Scale":{"Y":1.7180678844452,"X":1.7180678844452},"OriginSize":{"Y":70.0,"X":70.0},"Type":81,"Opacity":0.35682401061058,"RelativePos":{"Y":-608.38629150391,"X":-455.18130493164}},{"AnchorType":{"Maximum":{"Y":1.0,"X":1.0},"Minimum":{"Y":1.0,"X":1.0}},"Scale":{"Y":2.0,"X":2.0},"OriginSize":{"Y":80.0,"X":80.0},"Type":79,"Opacity":0.34467738866806,"RelativePos":{"Y":-506.01431274414,"X":-404.24362182617}},{"AnchorType":{"Maximum":{"Y":1.0,"X":1.0},"Minimum":{"Y":1.0,"X":1.0}},"Scale":{"Y":1.0,"X":1.0},"OriginSize":{"Y":70.0,"X":70.0},"Type":76,"Opacity":1.0,"RelativePos":{"Y":-400.0,"X":-80.5}},{"AnchorType":{"Maximum":{"Y":0.0,"X":1.0},"Minimum":{"Y":0.0,"X":1.0}},"Scale":{"Y":1.0,"X":1.0},"OriginSize":{"Y":80.0,"X":80.0},"Type":83,"Opacity":1.0,"RelativePos":{"Y":275.89297485352,"X":-82.345291137695}},{"AnchorType":{"Maximum":{"Y":0.0,"X":1.0},"Minimum":{"Y":0.0,"X":1.0}},"Scale":{"Y":1.0,"X":1.0},"OriginSize":{"Y":46.0,"X":45.0},"Type":87,"Opacity":1.0,"RelativePos":{"Y":336.47299194336,"X":-110.19132232666}},{"AnchorType":{"Maximum":{"Y":0.0,"X":1.0},"Minimum":{"Y":0.0,"X":1.0}},"Scale":{"Y":1.0985548496246,"X":1.0985548496246},"OriginSize":{"Y":230.0,"X":202.0},"Type":86,"Opacity":0.4884906411171,"RelativePos":{"Y":21.768329620361,"X":-735.46594238281}},{"AnchorType":{"Maximum":{"Y":0.0,"X":1.0},"Minimum":{"Y":0.0,"X":1.0}},"Scale":{"Y":1.1192744970322,"X":1.1192744970322},"OriginSize":{"Y":187.0,"X":155.0},"Type":85,"Opacity":1.0,"RelativePos":{"Y":11.152165412903,"X":-164.24377441406}},{"AnchorType":{"Maximum":{"Y":0.0,"X":1.0},"Minimum":{"Y":0.0,"X":1.0}},"Scale":{"Y":2.0,"X":2.0},"OriginSize":{"Y":42.0,"X":42.0},"Type":84,"Opacity":1.0,"RelativePos":{"Y":434.15069580078,"X":-765.23870849609}}]}