﻿{"LayoutDetailDict3":[{"OriginSize":{"X":80.0,"Y":80.0},"Scale":{"X":1.0,"Y":1.0},"AnchorType":{"Maximum":{"X":1.0,"Y":0.0},"Minimum":{"X":1.0,"Y":0.0}},"Opacity":1.0,"Type":10,"RelativePos":{"X":-295.0,"Y":158.0}},{"OriginSize":{"X":70.0,"Y":70.0},"Scale":{"X":1.0,"Y":1.0},"AnchorType":{"Maximum":{"X":1.0,"Y":1.0},"Minimum":{"X":1.0,"Y":1.0}},"Opacity":1.0,"Type":19,"RelativePos":{"X":-210.0,"Y":-80.0}},{"OriginSize":{"X":61.0,"Y":89.0},"Scale":{"X":1.0,"Y":1.0},"AnchorType":{"Maximum":{"X":0.5,"Y":1.0},"Minimum":{"X":0.5,"Y":1.0}},"Opacity":1.0,"Type":9,"RelativePos":{"X":181.0,"Y":-99.0}},{"OriginSize":{"X":68.0,"Y":68.0},"Scale":{"X":1.0,"Y":1.0},"AnchorType":{"Maximum":{"X":1.0,"Y":1.0},"Minimum":{"X":1.0,"Y":1.0}},"Opacity":1.0,"Type":13,"RelativePos":{"X":-302.0,"Y":-74.0}},{"OriginSize":{"X":68.0,"Y":68.0},"Scale":{"X":1.0,"Y":1.0},"AnchorType":{"Maximum":{"X":1.0,"Y":1.0},"Minimum":{"X":1.0,"Y":1.0}},"Opacity":1.0,"Type":18,"RelativePos":{"X":-121.84609222412,"Y":-79.353942871094}},{"OriginSize":{"X":80.0,"Y":80.0},"Scale":{"X":1.0,"Y":1.0},"AnchorType":{"Maximum":{"X":1.0,"Y":1.0},"Minimum":{"X":1.0,"Y":1.0}},"Opacity":1.0,"Type":17,"RelativePos":{"X":-86.0,"Y":-217.85299682617}},{"OriginSize":{"X":70.0,"Y":70.0},"Scale":{"X":1.2999999523163,"Y":1.2999999523163},"AnchorType":{"Maximum":{"X":1.0,"Y":1.0},"Minimum":{"X":1.0,"Y":1.0}},"Opacity":1.0,"Type":15,"RelativePos":{"X":-236.19288635254,"Y":-415.65173339844}},{"OriginSize":{"X":45.0,"Y":46.0},"Scale":{"X":1.0,"Y":1.0},"AnchorType":{"Maximum":{"X":1.0,"Y":0.0},"Minimum":{"X":1.0,"Y":0.0}},"Opacity":1.0,"Type":14,"RelativePos":{"X":-115.0,"Y":208.0}},{"OriginSize":{"X":60.0,"Y":60.0},"Scale":{"X":1.0,"Y":1.0},"AnchorType":{"Maximum":{"X":0.0,"Y":1.0},"Minimum":{"X":0.0,"Y":1.0}},"Opacity":1.0,"Type":1,"RelativePos":{"X":51.218544006348,"Y":-87.052062988281}},{"OriginSize":{"X":42.0,"Y":42.0},"Scale":{"X":1.0,"Y":1.0},"AnchorType":{"Maximum":{"X":1.0,"Y":0.0},"Minimum":{"X":1.0,"Y":0.0}},"Opacity":1.0,"Type":11,"RelativePos":{"X":-213.48789978027,"Y":138.75247192383}},{"OriginSize":{"X":115.0,"Y":115.0},"Scale":{"X":1.2000000476837,"Y":1.2000000476837},"AnchorType":{"Maximum":{"X":1.0,"Y":1.0},"Minimum":{"X":1.0,"Y":1.0}},"Opacity":1.0,"Type":16,"RelativePos":{"X":-150.70257568359,"Y":-332.26681518555}},{"OriginSize":{"X":100.0,"Y":100.0},"Scale":{"X":1.3999999761581,"Y":1.3999999761581},"AnchorType":{"Maximum":{"X":0.0,"Y":0.5},"Minimum":{"X":0.0,"Y":0.5}},"Opacity":1.0,"Type":0,"RelativePos":{"X":44.0,"Y":-24.0}},{"OriginSize":{"X":170.0,"Y":170.0},"Scale":{"X":1.0,"Y":1.0},"AnchorType":{"Maximum":{"X":0.0,"Y":0.0},"Minimum":{"X":0.0,"Y":0.0}},"Opacity":1.0,"Type":2,"RelativePos":{"X":0.15999999642372,"Y":0.75}},{"OriginSize":{"X":118.0,"Y":135.31745910645},"Scale":{"X":1.0,"Y":1.0},"AnchorType":{"Maximum":{"X":1.0,"Y":1.0},"Minimum":{"X":1.0,"Y":1.0}},"Opacity":1.0,"Type":8,"RelativePos":{"X":-427.0,"Y":-394.529296875}},{"OriginSize":{"X":118.0,"Y":54.0},"Scale":{"X":1.0,"Y":1.0},"AnchorType":{"Maximum":{"X":1.0,"Y":1.0},"Minimum":{"X":1.0,"Y":1.0}},"Opacity":1.0,"Type":6,"RelativePos":{"X":-427.0,"Y":-227.20721435547}},{"OriginSize":{"X":136.0,"Y":151.0},"Scale":{"X":1.0,"Y":1.0},"AnchorType":{"Maximum":{"X":0.5,"Y":1.0},"Minimum":{"X":0.5,"Y":1.0}},"Opacity":1.0,"Type":7,"RelativePos":{"X":-67.0,"Y":-282.0}},{"OriginSize":{"X":155.0,"Y":187.0},"Scale":{"X":1.0,"Y":1.0},"AnchorType":{"Maximum":{"X":1.0,"Y":0.0},"Minimum":{"X":1.0,"Y":0.0}},"Opacity":1.0,"Type":12,"RelativePos":{"X":-155.5,"Y":-0.20000000298023}},{"OriginSize":{"X":148.0,"Y":83.0},"Scale":{"X":1.0,"Y":1.0},"AnchorType":{"Maximum":{"X":0.5,"Y":1.0},"Minimum":{"X":0.5,"Y":1.0}},"Opacity":1.0,"Type":5,"RelativePos":{"X":2.0,"Y":-121.0}},{"OriginSize":{"X":148.0,"Y":83.0},"Scale":{"X":1.0,"Y":1.0},"AnchorType":{"Maximum":{"X":0.5,"Y":1.0},"Minimum":{"X":0.5,"Y":1.0}},"Opacity":1.0,"Type":4,"RelativePos":{"X":-150.0,"Y":-121.0}},{"OriginSize":{"X":61.0,"Y":89.0},"Scale":{"X":1.0,"Y":1.0},"AnchorType":{"Maximum":{"X":0.5,"Y":1.0},"Minimum":{"X":0.5,"Y":1.0}},"Opacity":1.0,"Type":3,"RelativePos":{"X":-245.0,"Y":-99.0}},{"OriginSize":{"X":181.5,"Y":224.05249023438},"Scale":{"X":1.0,"Y":1.0},"AnchorType":{"Maximum":{"X":1.0,"Y":0.0},"Minimum":{"X":1.0,"Y":0.0}},"Opacity":1.0,"Type":20,"RelativePos":{"X":-484.0,"Y":162.0}},{"OriginSize":{"X":60.0,"Y":60.0},"Scale":{"X":1.0,"Y":1.0},"AnchorType":{"Maximum":{"X":0.0,"Y":1.0},"Minimum":{"X":0.0,"Y":1.0}},"Opacity":1.0,"Type":21,"RelativePos":{"X":127.0,"Y":-435.0}},{"OriginSize":{"X":60.0,"Y":60.0},"Scale":{"X":1.0,"Y":1.0},"AnchorType":{"Maximum":{"X":0.0,"Y":1.0},"Minimum":{"X":0.0,"Y":1.0}},"Opacity":1.0,"Type":22,"RelativePos":{"X":219.0,"Y":-435.0}},{"OriginSize":{"X":202.0,"Y":230.0},"Scale":{"X":1.0,"Y":1.0},"AnchorType":{"Maximum":{"X":1.0,"Y":0.0},"Minimum":{"X":1.0,"Y":0.0}},"Opacity":1.0,"Type":23,"RelativePos":{"X":-362.0,"Y":4.0}},{"OriginSize":{"X":76.285713195801,"Y":72.571426391602},"Scale":{"X":1.0,"Y":1.0},"AnchorType":{"Maximum":{"X":1.0,"Y":1.0},"Minimum":{"X":1.0,"Y":1.0}},"Opacity":1.0,"Type":24,"RelativePos":{"X":-136.37191772461,"Y":-426.25646972656}},{"OriginSize":{"X":337.0,"Y":178.0},"Scale":{"X":1.0,"Y":1.0},"AnchorType":{"Maximum":{"X":0.0,"Y":0.0},"Minimum":{"X":0.0,"Y":0.0}},"Opacity":1.0,"Type":25,"RelativePos":{"X":0.0,"Y":41.0}},{"OriginSize":{"X":44.0,"Y":44.0},"Scale":{"X":1.0,"Y":1.0},"AnchorType":{"Maximum":{"X":0.0,"Y":1.0},"Minimum":{"X":0.0,"Y":1.0}},"Opacity":1.0,"Type":26,"RelativePos":{"X":237.0,"Y":-56.0}},{"OriginSize":{"X":148.0,"Y":32.0},"Scale":{"X":1.0,"Y":1.0},"AnchorType":{"Maximum":{"X":0.5,"Y":1.0},"Minimum":{"X":0.5,"Y":1.0}},"Opacity":1.0,"Type":27,"RelativePos":{"X":2.0,"Y":-118.0}},{"OriginSize":{"X":52.0,"Y":52.0},"Scale":{"X":1.0,"Y":1.0},"AnchorType":{"Maximum":{"X":0.0,"Y":0.5},"Minimum":{"X":0.0,"Y":0.5}},"Opacity":1.0,"Type":28,"RelativePos":{"X":323.0,"Y":-216.0}},{"OriginSize":{"X":46.0,"Y":46.0},"Scale":{"X":1.0,"Y":1.0},"AnchorType":{"Maximum":{"X":1.0,"Y":1.0},"Minimum":{"X":1.0,"Y":1.0}},"Opacity":1.0,"Type":29,"RelativePos":{"X":-394.0,"Y":-502.0}},{"OriginSize":{"X":98.0,"Y":98.0},"Scale":{"X":1.0,"Y":1.0},"AnchorType":{"Maximum":{"X":0.0,"Y":0.0},"Minimum":{"X":0.0,"Y":0.0}},"Opacity":1.0,"Type":30,"RelativePos":{"X":0.0,"Y":0.0}},{"OriginSize":{"X":46.0,"Y":46.0},"Scale":{"X":1.0,"Y":1.0},"AnchorType":{"Maximum":{"X":1.0,"Y":0.0},"Minimum":{"X":1.0,"Y":0.0}},"Opacity":1.0,"Type":31,"RelativePos":{"X":-341.0,"Y":138.0}},{"OriginSize":{"X":45.0,"Y":45.0},"Scale":{"X":1.0,"Y":1.0},"AnchorType":{"Maximum":{"X":1.0,"Y":0.0},"Minimum":{"X":1.0,"Y":0.0}},"Opacity":1.0,"Type":33,"RelativePos":{"X":-56.0,"Y":240.0}},{"OriginSize":{"X":70.0,"Y":70.0},"Scale":{"X":1.0,"Y":1.0},"AnchorType":{"Maximum":{"X":0.0,"Y":1.0},"Minimum":{"X":0.0,"Y":1.0}},"Opacity":1.0,"Type":34,"RelativePos":{"X":246.0,"Y":-332.0}},{"OriginSize":{"X":80.0,"Y":80.0},"Scale":{"X":1.0,"Y":1.0},"AnchorType":{"Maximum":{"X":1.0,"Y":1.0},"Minimum":{"X":1.0,"Y":1.0}},"Opacity":1.0,"Type":35,"RelativePos":{"X":-85.929946899414,"Y":-144.56753540039}},{"OriginSize":{"X":68.0,"Y":68.0},"Scale":{"X":1.0,"Y":1.0},"AnchorType":{"Maximum":{"X":1.0,"Y":1.0},"Minimum":{"X":1.0,"Y":1.0}},"Opacity":1.0,"Type":75,"RelativePos":{"X":-342.52026367188,"Y":-91.917663574219}},{"OriginSize":{"X":100.0,"Y":100.0},"Scale":{"X":1.3999999761581,"Y":1.3999999761581},"AnchorType":{"Maximum":{"X":0.0,"Y":0.5},"Minimum":{"X":0.0,"Y":0.5}},"Opacity":1.0,"Type":77,"RelativePos":{"X":44.0,"Y":-24.0}},{"OriginSize":{"X":115.0,"Y":115.0},"Scale":{"X":1.2000000476837,"Y":1.2000000476837},"AnchorType":{"Maximum":{"X":1.0,"Y":1.0},"Minimum":{"X":1.0,"Y":1.0}},"Opacity":1.0,"Type":78,"RelativePos":{"X":-150.70257568359,"Y":-332.2688293457}},{"OriginSize":{"X":70.0,"Y":70.0},"Scale":{"X":1.0,"Y":1.0},"AnchorType":{"Maximum":{"X":1.0,"Y":1.0},"Minimum":{"X":1.0,"Y":1.0}},"Opacity":1.0,"Type":81,"RelativePos":{"X":-210.0,"Y":-80.0}},{"OriginSize":{"X":80.0,"Y":80.0},"Scale":{"X":1.0,"Y":1.0},"AnchorType":{"Maximum":{"X":1.0,"Y":1.0},"Minimum":{"X":1.0,"Y":1.0}},"Opacity":1.0,"Type":79,"RelativePos":{"X":-86.0,"Y":-217.85299682617}},{"OriginSize":{"X":70.0,"Y":70.0},"Scale":{"X":1.0,"Y":1.0},"AnchorType":{"Maximum":{"X":1.0,"Y":1.0},"Minimum":{"X":1.0,"Y":1.0}},"Opacity":1.0,"Type":76,"RelativePos":{"X":-80.5,"Y":-400.0}},{"OriginSize":{"X":80.0,"Y":80.0},"Scale":{"X":1.0,"Y":1.0},"AnchorType":{"Maximum":{"X":1.0,"Y":0.0},"Minimum":{"X":1.0,"Y":0.0}},"Opacity":1.0,"Type":83,"RelativePos":{"X":-295.0,"Y":158.0}},{"OriginSize":{"X":45.0,"Y":46.0},"Scale":{"X":1.0,"Y":1.0},"AnchorType":{"Maximum":{"X":1.0,"Y":0.0},"Minimum":{"X":1.0,"Y":0.0}},"Opacity":1.0,"Type":87,"RelativePos":{"X":-56.0,"Y":195.0}},{"OriginSize":{"X":202.0,"Y":230.0},"Scale":{"X":1.0,"Y":1.0},"AnchorType":{"Maximum":{"X":1.0,"Y":0.0},"Minimum":{"X":1.0,"Y":0.0}},"Opacity":1.0,"Type":86,"RelativePos":{"X":-362.0,"Y":4.0}},{"OriginSize":{"X":155.0,"Y":187.0},"Scale":{"X":1.0,"Y":1.0},"AnchorType":{"Maximum":{"X":1.0,"Y":0.0},"Minimum":{"X":1.0,"Y":0.0}},"Opacity":1.0,"Type":85,"RelativePos":{"X":-155.5,"Y":-0.20000000298023}},{"OriginSize":{"X":42.0,"Y":42.0},"Scale":{"X":1.0,"Y":1.0},"AnchorType":{"Maximum":{"X":1.0,"Y":0.0},"Minimum":{"X":1.0,"Y":0.0}},"Opacity":1.0,"Type":84,"RelativePos":{"X":-213.48789978027,"Y":138.75247192383}}],"IsDataValid3":true,"RushTriggerLength3":300.0,"IsDataValid1":true,"LayoutDetailDict2":[{"OriginSize":{"X":80.0,"Y":80.0},"Scale":{"X":1.0,"Y":1.0},"AnchorType":{"Maximum":{"X":1.0,"Y":0.0},"Minimum":{"X":1.0,"Y":0.0}},"Opacity":1.0,"Type":10,"RelativePos":{"X":-295.0,"Y":158.0}},{"OriginSize":{"X":70.0,"Y":70.0},"Scale":{"X":1.0,"Y":1.0},"AnchorType":{"Maximum":{"X":1.0,"Y":1.0},"Minimum":{"X":1.0,"Y":1.0}},"Opacity":1.0,"Type":19,"RelativePos":{"X":-210.0,"Y":-80.0}},{"OriginSize":{"X":61.0,"Y":89.0},"Scale":{"X":1.0,"Y":1.0},"AnchorType":{"Maximum":{"X":0.5,"Y":1.0},"Minimum":{"X":0.5,"Y":1.0}},"Opacity":1.0,"Type":9,"RelativePos":{"X":181.0,"Y":-99.0}},{"OriginSize":{"X":68.0,"Y":68.0},"Scale":{"X":1.0,"Y":1.0},"AnchorType":{"Maximum":{"X":1.0,"Y":1.0},"Minimum":{"X":1.0,"Y":1.0}},"Opacity":1.0,"Type":13,"RelativePos":{"X":-302.0,"Y":-74.0}},{"OriginSize":{"X":68.0,"Y":68.0},"Scale":{"X":1.0,"Y":1.0},"AnchorType":{"Maximum":{"X":1.0,"Y":1.0},"Minimum":{"X":1.0,"Y":1.0}},"Opacity":1.0,"Type":18,"RelativePos":{"X":-121.84609222412,"Y":-79.353942871094}},{"OriginSize":{"X":80.0,"Y":80.0},"Scale":{"X":1.0,"Y":1.0},"AnchorType":{"Maximum":{"X":1.0,"Y":1.0},"Minimum":{"X":1.0,"Y":1.0}},"Opacity":1.0,"Type":17,"RelativePos":{"X":-86.0,"Y":-217.85299682617}},{"OriginSize":{"X":70.0,"Y":70.0},"Scale":{"X":1.2999999523163,"Y":1.2999999523163},"AnchorType":{"Maximum":{"X":1.0,"Y":1.0},"Minimum":{"X":1.0,"Y":1.0}},"Opacity":1.0,"Type":15,"RelativePos":{"X":-236.19288635254,"Y":-415.65173339844}},{"OriginSize":{"X":45.0,"Y":46.0},"Scale":{"X":1.0,"Y":1.0},"AnchorType":{"Maximum":{"X":1.0,"Y":0.0},"Minimum":{"X":1.0,"Y":0.0}},"Opacity":1.0,"Type":14,"RelativePos":{"X":-115.0,"Y":208.0}},{"OriginSize":{"X":60.0,"Y":60.0},"Scale":{"X":1.0,"Y":1.0},"AnchorType":{"Maximum":{"X":0.0,"Y":1.0},"Minimum":{"X":0.0,"Y":1.0}},"Opacity":1.0,"Type":1,"RelativePos":{"X":51.218544006348,"Y":-87.052062988281}},{"OriginSize":{"X":42.0,"Y":42.0},"Scale":{"X":1.0,"Y":1.0},"AnchorType":{"Maximum":{"X":1.0,"Y":0.0},"Minimum":{"X":1.0,"Y":0.0}},"Opacity":1.0,"Type":11,"RelativePos":{"X":-213.48789978027,"Y":138.75247192383}},{"OriginSize":{"X":115.0,"Y":115.0},"Scale":{"X":1.2000000476837,"Y":1.2000000476837},"AnchorType":{"Maximum":{"X":1.0,"Y":1.0},"Minimum":{"X":1.0,"Y":1.0}},"Opacity":1.0,"Type":16,"RelativePos":{"X":-150.70257568359,"Y":-332.26681518555}},{"OriginSize":{"X":100.0,"Y":100.0},"Scale":{"X":1.3999999761581,"Y":1.3999999761581},"AnchorType":{"Maximum":{"X":0.0,"Y":0.5},"Minimum":{"X":0.0,"Y":0.5}},"Opacity":1.0,"Type":0,"RelativePos":{"X":44.0,"Y":-24.0}},{"OriginSize":{"X":170.0,"Y":170.0},"Scale":{"X":1.0,"Y":1.0},"AnchorType":{"Maximum":{"X":0.0,"Y":0.0},"Minimum":{"X":0.0,"Y":0.0}},"Opacity":1.0,"Type":2,"RelativePos":{"X":0.15999999642372,"Y":0.75}},{"OriginSize":{"X":118.0,"Y":135.31745910645},"Scale":{"X":1.0,"Y":1.0},"AnchorType":{"Maximum":{"X":1.0,"Y":1.0},"Minimum":{"X":1.0,"Y":1.0}},"Opacity":1.0,"Type":8,"RelativePos":{"X":-427.0,"Y":-394.529296875}},{"OriginSize":{"X":118.0,"Y":54.0},"Scale":{"X":1.0,"Y":1.0},"AnchorType":{"Maximum":{"X":1.0,"Y":1.0},"Minimum":{"X":1.0,"Y":1.0}},"Opacity":1.0,"Type":6,"RelativePos":{"X":-427.0,"Y":-227.20721435547}},{"OriginSize":{"X":136.0,"Y":151.0},"Scale":{"X":1.0,"Y":1.0},"AnchorType":{"Maximum":{"X":0.5,"Y":1.0},"Minimum":{"X":0.5,"Y":1.0}},"Opacity":1.0,"Type":7,"RelativePos":{"X":-67.0,"Y":-282.0}},{"OriginSize":{"X":155.0,"Y":187.0},"Scale":{"X":1.0,"Y":1.0},"AnchorType":{"Maximum":{"X":1.0,"Y":0.0},"Minimum":{"X":1.0,"Y":0.0}},"Opacity":1.0,"Type":12,"RelativePos":{"X":-155.5,"Y":-0.20000000298023}},{"OriginSize":{"X":148.0,"Y":83.0},"Scale":{"X":1.0,"Y":1.0},"AnchorType":{"Maximum":{"X":0.5,"Y":1.0},"Minimum":{"X":0.5,"Y":1.0}},"Opacity":1.0,"Type":5,"RelativePos":{"X":2.0,"Y":-121.0}},{"OriginSize":{"X":148.0,"Y":83.0},"Scale":{"X":1.0,"Y":1.0},"AnchorType":{"Maximum":{"X":0.5,"Y":1.0},"Minimum":{"X":0.5,"Y":1.0}},"Opacity":1.0,"Type":4,"RelativePos":{"X":-150.0,"Y":-121.0}},{"OriginSize":{"X":61.0,"Y":89.0},"Scale":{"X":1.0,"Y":1.0},"AnchorType":{"Maximum":{"X":0.5,"Y":1.0},"Minimum":{"X":0.5,"Y":1.0}},"Opacity":1.0,"Type":3,"RelativePos":{"X":-245.0,"Y":-99.0}},{"OriginSize":{"X":181.5,"Y":224.05249023438},"Scale":{"X":1.0,"Y":1.0},"AnchorType":{"Maximum":{"X":1.0,"Y":0.0},"Minimum":{"X":1.0,"Y":0.0}},"Opacity":1.0,"Type":20,"RelativePos":{"X":-484.0,"Y":162.0}},{"OriginSize":{"X":60.0,"Y":60.0},"Scale":{"X":1.0,"Y":1.0},"AnchorType":{"Maximum":{"X":0.0,"Y":1.0},"Minimum":{"X":0.0,"Y":1.0}},"Opacity":1.0,"Type":21,"RelativePos":{"X":127.0,"Y":-435.0}},{"OriginSize":{"X":60.0,"Y":60.0},"Scale":{"X":1.0,"Y":1.0},"AnchorType":{"Maximum":{"X":0.0,"Y":1.0},"Minimum":{"X":0.0,"Y":1.0}},"Opacity":1.0,"Type":22,"RelativePos":{"X":219.0,"Y":-435.0}},{"OriginSize":{"X":202.0,"Y":230.0},"Scale":{"X":1.0,"Y":1.0},"AnchorType":{"Maximum":{"X":1.0,"Y":0.0},"Minimum":{"X":1.0,"Y":0.0}},"Opacity":1.0,"Type":23,"RelativePos":{"X":-362.0,"Y":4.0}},{"OriginSize":{"X":76.285713195801,"Y":72.571426391602},"Scale":{"X":1.0,"Y":1.0},"AnchorType":{"Maximum":{"X":1.0,"Y":1.0},"Minimum":{"X":1.0,"Y":1.0}},"Opacity":1.0,"Type":24,"RelativePos":{"X":-136.37191772461,"Y":-426.25646972656}},{"OriginSize":{"X":337.0,"Y":178.0},"Scale":{"X":1.0,"Y":1.0},"AnchorType":{"Maximum":{"X":0.0,"Y":0.0},"Minimum":{"X":0.0,"Y":0.0}},"Opacity":1.0,"Type":25,"RelativePos":{"X":0.0,"Y":41.0}},{"OriginSize":{"X":44.0,"Y":44.0},"Scale":{"X":1.0,"Y":1.0},"AnchorType":{"Maximum":{"X":0.0,"Y":1.0},"Minimum":{"X":0.0,"Y":1.0}},"Opacity":1.0,"Type":26,"RelativePos":{"X":237.0,"Y":-56.0}},{"OriginSize":{"X":148.0,"Y":32.0},"Scale":{"X":1.0,"Y":1.0},"AnchorType":{"Maximum":{"X":0.5,"Y":1.0},"Minimum":{"X":0.5,"Y":1.0}},"Opacity":1.0,"Type":27,"RelativePos":{"X":2.0,"Y":-118.0}},{"OriginSize":{"X":52.0,"Y":52.0},"Scale":{"X":1.0,"Y":1.0},"AnchorType":{"Maximum":{"X":0.0,"Y":0.5},"Minimum":{"X":0.0,"Y":0.5}},"Opacity":1.0,"Type":28,"RelativePos":{"X":323.0,"Y":-216.0}},{"OriginSize":{"X":46.0,"Y":46.0},"Scale":{"X":1.0,"Y":1.0},"AnchorType":{"Maximum":{"X":1.0,"Y":1.0},"Minimum":{"X":1.0,"Y":1.0}},"Opacity":1.0,"Type":29,"RelativePos":{"X":-394.0,"Y":-502.0}},{"OriginSize":{"X":98.0,"Y":98.0},"Scale":{"X":1.0,"Y":1.0},"AnchorType":{"Maximum":{"X":0.0,"Y":0.0},"Minimum":{"X":0.0,"Y":0.0}},"Opacity":1.0,"Type":30,"RelativePos":{"X":0.0,"Y":0.0}},{"OriginSize":{"X":46.0,"Y":46.0},"Scale":{"X":1.0,"Y":1.0},"AnchorType":{"Maximum":{"X":1.0,"Y":0.0},"Minimum":{"X":1.0,"Y":0.0}},"Opacity":1.0,"Type":31,"RelativePos":{"X":-341.0,"Y":138.0}},{"OriginSize":{"X":45.0,"Y":45.0},"Scale":{"X":1.0,"Y":1.0},"AnchorType":{"Maximum":{"X":1.0,"Y":0.0},"Minimum":{"X":1.0,"Y":0.0}},"Opacity":1.0,"Type":33,"RelativePos":{"X":-56.0,"Y":240.0}},{"OriginSize":{"X":70.0,"Y":70.0},"Scale":{"X":1.0,"Y":1.0},"AnchorType":{"Maximum":{"X":0.0,"Y":1.0},"Minimum":{"X":0.0,"Y":1.0}},"Opacity":1.0,"Type":34,"RelativePos":{"X":246.0,"Y":-332.0}},{"OriginSize":{"X":80.0,"Y":80.0},"Scale":{"X":1.0,"Y":1.0},"AnchorType":{"Maximum":{"X":1.0,"Y":1.0},"Minimum":{"X":1.0,"Y":1.0}},"Opacity":1.0,"Type":35,"RelativePos":{"X":-85.929946899414,"Y":-144.56753540039}},{"OriginSize":{"X":68.0,"Y":68.0},"Scale":{"X":1.0,"Y":1.0},"AnchorType":{"Maximum":{"X":1.0,"Y":1.0},"Minimum":{"X":1.0,"Y":1.0}},"Opacity":1.0,"Type":75,"RelativePos":{"X":-342.52026367188,"Y":-91.917663574219}},{"OriginSize":{"X":100.0,"Y":100.0},"Scale":{"X":1.3999999761581,"Y":1.3999999761581},"AnchorType":{"Maximum":{"X":0.0,"Y":0.5},"Minimum":{"X":0.0,"Y":0.5}},"Opacity":1.0,"Type":77,"RelativePos":{"X":44.0,"Y":-24.0}},{"OriginSize":{"X":115.0,"Y":115.0},"Scale":{"X":1.2000000476837,"Y":1.2000000476837},"AnchorType":{"Maximum":{"X":1.0,"Y":1.0},"Minimum":{"X":1.0,"Y":1.0}},"Opacity":1.0,"Type":78,"RelativePos":{"X":-150.70257568359,"Y":-332.2688293457}},{"OriginSize":{"X":70.0,"Y":70.0},"Scale":{"X":1.0,"Y":1.0},"AnchorType":{"Maximum":{"X":1.0,"Y":1.0},"Minimum":{"X":1.0,"Y":1.0}},"Opacity":1.0,"Type":81,"RelativePos":{"X":-210.0,"Y":-80.0}},{"OriginSize":{"X":80.0,"Y":80.0},"Scale":{"X":1.0,"Y":1.0},"AnchorType":{"Maximum":{"X":1.0,"Y":1.0},"Minimum":{"X":1.0,"Y":1.0}},"Opacity":1.0,"Type":79,"RelativePos":{"X":-86.0,"Y":-217.85299682617}},{"OriginSize":{"X":70.0,"Y":70.0},"Scale":{"X":1.0,"Y":1.0},"AnchorType":{"Maximum":{"X":1.0,"Y":1.0},"Minimum":{"X":1.0,"Y":1.0}},"Opacity":1.0,"Type":76,"RelativePos":{"X":-80.5,"Y":-400.0}},{"OriginSize":{"X":80.0,"Y":80.0},"Scale":{"X":1.0,"Y":1.0},"AnchorType":{"Maximum":{"X":1.0,"Y":0.0},"Minimum":{"X":1.0,"Y":0.0}},"Opacity":1.0,"Type":83,"RelativePos":{"X":-295.0,"Y":158.0}},{"OriginSize":{"X":45.0,"Y":46.0},"Scale":{"X":1.0,"Y":1.0},"AnchorType":{"Maximum":{"X":1.0,"Y":0.0},"Minimum":{"X":1.0,"Y":0.0}},"Opacity":1.0,"Type":87,"RelativePos":{"X":-56.0,"Y":195.0}},{"OriginSize":{"X":202.0,"Y":230.0},"Scale":{"X":1.0,"Y":1.0},"AnchorType":{"Maximum":{"X":1.0,"Y":0.0},"Minimum":{"X":1.0,"Y":0.0}},"Opacity":1.0,"Type":86,"RelativePos":{"X":-362.0,"Y":4.0}},{"OriginSize":{"X":155.0,"Y":187.0},"Scale":{"X":1.0,"Y":1.0},"AnchorType":{"Maximum":{"X":1.0,"Y":0.0},"Minimum":{"X":1.0,"Y":0.0}},"Opacity":1.0,"Type":85,"RelativePos":{"X":-155.5,"Y":-0.20000000298023}},{"OriginSize":{"X":42.0,"Y":42.0},"Scale":{"X":1.0,"Y":1.0},"AnchorType":{"Maximum":{"X":1.0,"Y":0.0},"Minimum":{"X":1.0,"Y":0.0}},"Opacity":1.0,"Type":84,"RelativePos":{"X":-213.48789978027,"Y":138.75247192383}}],"LayoutDetailDict1":[{"OriginSize":{"X":80.0,"Y":80.0},"Scale":{"X":1.0,"Y":1.0},"AnchorType":{"Maximum":{"X":1.0,"Y":0.0},"Minimum":{"X":1.0,"Y":0.0}},"Opacity":1.0,"Type":10,"RelativePos":{"X":-295.0,"Y":158.0}},{"OriginSize":{"X":70.0,"Y":70.0},"Scale":{"X":1.5796295404434,"Y":1.5796295404434},"AnchorType":{"Maximum":{"X":1.0,"Y":1.0},"Minimum":{"X":1.0,"Y":1.0}},"Opacity":0.50039422512054,"Type":19,"RelativePos":{"X":-311.32791137695,"Y":-305.78991699219}},{"OriginSize":{"X":61.0,"Y":89.0},"Scale":{"X":1.0,"Y":1.0},"AnchorType":{"Maximum":{"X":0.5,"Y":1.0},"Minimum":{"X":0.5,"Y":1.0}},"Opacity":1.0,"Type":9,"RelativePos":{"X":-54.698822021484,"Y":-219.53895568848}},{"OriginSize":{"X":68.0,"Y":68.0},"Scale":{"X":1.8816767930984,"Y":1.8816767930984},"AnchorType":{"Maximum":{"X":1.0,"Y":1.0},"Minimum":{"X":1.0,"Y":1.0}},"Opacity":0.3454897403717,"Type":13,"RelativePos":{"X":-563.06994628906,"Y":-199.1121673584}},{"OriginSize":{"X":68.0,"Y":68.0},"Scale":{"X":1.6677269935608,"Y":1.6677269935608},"AnchorType":{"Maximum":{"X":1.0,"Y":1.0},"Minimum":{"X":1.0,"Y":1.0}},"Opacity":0.71197164058685,"Type":18,"RelativePos":{"X":-178.71862792969,"Y":-290.26211547852}},{"OriginSize":{"X":80.0,"Y":80.0},"Scale":{"X":1.5544588565826,"Y":1.5544588565826},"AnchorType":{"Maximum":{"X":1.0,"Y":1.0},"Minimum":{"X":1.0,"Y":1.0}},"Opacity":0.50039422512054,"Type":17,"RelativePos":{"X":-420.54739379883,"Y":-314.51007080078}},{"OriginSize":{"X":70.0,"Y":70.0},"Scale":{"X":1.7684086561203,"Y":1.7684086561203},"AnchorType":{"Maximum":{"X":1.0,"Y":1.0},"Minimum":{"X":1.0,"Y":1.0}},"Opacity":0.33793318271637,"Type":15,"RelativePos":{"X":-300.10131835938,"Y":-608.85461425781}},{"OriginSize":{"X":45.0,"Y":46.0},"Scale":{"X":1.0,"Y":1.0},"AnchorType":{"Maximum":{"X":1.0,"Y":0.0},"Minimum":{"X":1.0,"Y":0.0}},"Opacity":1.0,"Type":14,"RelativePos":{"X":-115.0,"Y":208.0}},{"OriginSize":{"X":60.0,"Y":60.0},"Scale":{"X":1.8942618370056,"Y":1.8942618370056},"AnchorType":{"Maximum":{"X":0.0,"Y":1.0},"Minimum":{"X":0.0,"Y":1.0}},"Opacity":1.0,"Type":1,"RelativePos":{"X":451.67193603516,"Y":-202.45755004883}},{"OriginSize":{"X":42.0,"Y":42.0},"Scale":{"X":1.0,"Y":1.0},"AnchorType":{"Maximum":{"X":1.0,"Y":0.0},"Minimum":{"X":1.0,"Y":0.0}},"Opacity":1.0,"Type":11,"RelativePos":{"X":-213.48789978027,"Y":138.75247192383}},{"OriginSize":{"X":115.0,"Y":115.0},"Scale":{"X":2.0,"Y":2.0},"AnchorType":{"Maximum":{"X":1.0,"Y":1.0},"Minimum":{"X":1.0,"Y":1.0}},"Opacity":0.17925024032593,"Type":16,"RelativePos":{"X":-1112.3865966797,"Y":-578.28002929688}},{"OriginSize":{"X":100.0,"Y":100.0},"Scale":{"X":2.0,"Y":2.0},"AnchorType":{"Maximum":{"X":0.0,"Y":0.5},"Minimum":{"X":0.0,"Y":0.5}},"Opacity":0.18680641055107,"Type":0,"RelativePos":{"X":210.70989990234,"Y":-267.85354614258}},{"OriginSize":{"X":170.0,"Y":170.0},"Scale":{"X":0.73012137413025,"Y":0.73012137413025},"AnchorType":{"Maximum":{"X":0.0,"Y":0.0},"Minimum":{"X":0.0,"Y":0.0}},"Opacity":0.32282081246376,"Type":2,"RelativePos":{"X":0.19613637030125,"Y":0.90240830183029}},{"OriginSize":{"X":118.0,"Y":135.31745910645},"Scale":{"X":1.0,"Y":1.0},"AnchorType":{"Maximum":{"X":1.0,"Y":1.0},"Minimum":{"X":1.0,"Y":1.0}},"Opacity":1.0,"Type":8,"RelativePos":{"X":-531.36413574219,"Y":-496.84033203125}},{"OriginSize":{"X":118.0,"Y":54.0},"Scale":{"X":1.0,"Y":1.0},"AnchorType":{"Maximum":{"X":1.0,"Y":1.0},"Minimum":{"X":1.0,"Y":1.0}},"Opacity":1.0,"Type":6,"RelativePos":{"X":-536.47595214844,"Y":-356.73175048828}},{"OriginSize":{"X":136.0,"Y":151.0},"Scale":{"X":1.0,"Y":1.0},"AnchorType":{"Maximum":{"X":0.5,"Y":1.0},"Minimum":{"X":0.5,"Y":1.0}},"Opacity":1.0,"Type":7,"RelativePos":{"X":17.429397583008,"Y":-304.93182373047}},{"OriginSize":{"X":155.0,"Y":187.0},"Scale":{"X":1.0,"Y":1.0},"AnchorType":{"Maximum":{"X":1.0,"Y":0.0},"Minimum":{"X":1.0,"Y":0.0}},"Opacity":1.0,"Type":12,"RelativePos":{"X":-155.16236877441,"Y":0.0}},{"OriginSize":{"X":148.0,"Y":83.0},"Scale":{"X":1.0,"Y":1.0},"AnchorType":{"Maximum":{"X":0.5,"Y":1.0},"Minimum":{"X":0.5,"Y":1.0}},"Opacity":1.0,"Type":5,"RelativePos":{"X":2.0,"Y":-121.0}},{"OriginSize":{"X":148.0,"Y":83.0},"Scale":{"X":1.0,"Y":1.0},"AnchorType":{"Maximum":{"X":0.5,"Y":1.0},"Minimum":{"X":0.5,"Y":1.0}},"Opacity":1.0,"Type":4,"RelativePos":{"X":-150.0,"Y":-121.0}},{"OriginSize":{"X":61.0,"Y":89.0},"Scale":{"X":1.0,"Y":1.0},"AnchorType":{"Maximum":{"X":0.5,"Y":1.0},"Minimum":{"X":0.5,"Y":1.0}},"Opacity":1.0,"Type":3,"RelativePos":{"X":-208.64840698242,"Y":-97.824012756348}},{"OriginSize":{"X":181.5,"Y":224.05249023438},"Scale":{"X":1.0,"Y":1.0},"AnchorType":{"Maximum":{"X":1.0,"Y":0.0},"Minimum":{"X":1.0,"Y":0.0}},"Opacity":1.0,"Type":20,"RelativePos":{"X":-484.0,"Y":162.0}},{"OriginSize":{"X":60.0,"Y":60.0},"Scale":{"X":1.7306528091431,"Y":1.7306528091431},"AnchorType":{"Maximum":{"X":0.0,"Y":1.0},"Minimum":{"X":0.0,"Y":1.0}},"Opacity":0.49283802509308,"Type":21,"RelativePos":{"X":837.61413574219,"Y":-515.55548095703}},{"OriginSize":{"X":60.0,"Y":60.0},"Scale":{"X":1.8942618370056,"Y":1.8942618370056},"AnchorType":{"Maximum":{"X":0.0,"Y":1.0},"Minimum":{"X":0.0,"Y":1.0}},"Opacity":0.36060211062431,"Type":22,"RelativePos":{"X":783.62200927734,"Y":-609.08978271484}},{"OriginSize":{"X":202.0,"Y":230.0},"Scale":{"X":1.0,"Y":1.0},"AnchorType":{"Maximum":{"X":1.0,"Y":0.0},"Minimum":{"X":1.0,"Y":0.0}},"Opacity":1.0,"Type":23,"RelativePos":{"X":-362.0,"Y":4.0}},{"OriginSize":{"X":76.285713195801,"Y":72.571426391602},"Scale":{"X":1.0,"Y":1.0},"AnchorType":{"Maximum":{"X":1.0,"Y":1.0},"Minimum":{"X":1.0,"Y":1.0}},"Opacity":1.0,"Type":24,"RelativePos":{"X":-136.37191772461,"Y":-426.25646972656}},{"OriginSize":{"X":337.0,"Y":178.0},"Scale":{"X":1.0,"Y":1.0},"AnchorType":{"Maximum":{"X":0.0,"Y":0.0},"Minimum":{"X":0.0,"Y":0.0}},"Opacity":1.0,"Type":25,"RelativePos":{"X":0.0,"Y":41.0}},{"OriginSize":{"X":44.0,"Y":44.0},"Scale":{"X":1.0,"Y":1.0},"AnchorType":{"Maximum":{"X":0.0,"Y":1.0},"Minimum":{"X":0.0,"Y":1.0}},"Opacity":1.0,"Type":26,"RelativePos":{"X":237.0,"Y":-56.0}},{"OriginSize":{"X":148.0,"Y":32.0},"Scale":{"X":1.0,"Y":1.0},"AnchorType":{"Maximum":{"X":0.5,"Y":1.0},"Minimum":{"X":0.5,"Y":1.0}},"Opacity":1.0,"Type":27,"RelativePos":{"X":2.0,"Y":-118.0}},{"OriginSize":{"X":52.0,"Y":52.0},"Scale":{"X":1.0,"Y":1.0},"AnchorType":{"Maximum":{"X":0.0,"Y":0.5},"Minimum":{"X":0.0,"Y":0.5}},"Opacity":1.0,"Type":28,"RelativePos":{"X":328.86312866211,"Y":-169.54840087891}},{"OriginSize":{"X":46.0,"Y":46.0},"Scale":{"X":0.71753567457199,"Y":0.71753567457199},"AnchorType":{"Maximum":{"X":1.0,"Y":1.0},"Minimum":{"X":1.0,"Y":1.0}},"Opacity":0.57595801353455,"Type":29,"RelativePos":{"X":-398.10418701172,"Y":-422.33764648438}},{"OriginSize":{"X":98.0,"Y":98.0},"Scale":{"X":1.0,"Y":1.0},"AnchorType":{"Maximum":{"X":0.0,"Y":0.0},"Minimum":{"X":0.0,"Y":0.0}},"Opacity":1.0,"Type":30,"RelativePos":{"X":257.76824951172,"Y":273.85736083984}},{"OriginSize":{"X":46.0,"Y":46.0},"Scale":{"X":1.0,"Y":1.0},"AnchorType":{"Maximum":{"X":1.0,"Y":0.0},"Minimum":{"X":1.0,"Y":0.0}},"Opacity":1.0,"Type":31,"RelativePos":{"X":-551.4873046875,"Y":221.49526977539}},{"OriginSize":{"X":45.0,"Y":45.0},"Scale":{"X":1.0,"Y":1.0},"AnchorType":{"Maximum":{"X":1.0,"Y":0.0},"Minimum":{"X":1.0,"Y":0.0}},"Opacity":1.0,"Type":33,"RelativePos":{"X":-56.0,"Y":240.0}},{"OriginSize":{"X":70.0,"Y":70.0},"Scale":{"X":1.0,"Y":1.0},"AnchorType":{"Maximum":{"X":0.0,"Y":1.0},"Minimum":{"X":0.0,"Y":1.0}},"Opacity":1.0,"Type":34,"RelativePos":{"X":246.0,"Y":-332.0}},{"OriginSize":{"X":80.0,"Y":80.0},"Scale":{"X":1.0,"Y":1.0},"AnchorType":{"Maximum":{"X":1.0,"Y":1.0},"Minimum":{"X":1.0,"Y":1.0}},"Opacity":1.0,"Type":35,"RelativePos":{"X":-89.447830200195,"Y":-103.99582672119}},{"OriginSize":{"X":68.0,"Y":68.0},"Scale":{"X":1.0,"Y":1.0},"AnchorType":{"Maximum":{"X":1.0,"Y":1.0},"Minimum":{"X":1.0,"Y":1.0}},"Opacity":1.0,"Type":75,"RelativePos":{"X":-342.52026367188,"Y":-91.917663574219}},{"OriginSize":{"X":100.0,"Y":100.0},"Scale":{"X":1.3999999761581,"Y":1.3999999761581},"AnchorType":{"Maximum":{"X":0.0,"Y":0.5},"Minimum":{"X":0.0,"Y":0.5}},"Opacity":1.0,"Type":77,"RelativePos":{"X":44.0,"Y":-24.0}},{"OriginSize":{"X":115.0,"Y":115.0},"Scale":{"X":1.2000000476837,"Y":1.2000000476837},"AnchorType":{"Maximum":{"X":1.0,"Y":1.0},"Minimum":{"X":1.0,"Y":1.0}},"Opacity":1.0,"Type":78,"RelativePos":{"X":-150.70257568359,"Y":-332.2688293457}},{"OriginSize":{"X":70.0,"Y":70.0},"Scale":{"X":1.0,"Y":1.0},"AnchorType":{"Maximum":{"X":1.0,"Y":1.0},"Minimum":{"X":1.0,"Y":1.0}},"Opacity":1.0,"Type":81,"RelativePos":{"X":-210.0,"Y":-80.0}},{"OriginSize":{"X":80.0,"Y":80.0},"Scale":{"X":1.0,"Y":1.0},"AnchorType":{"Maximum":{"X":1.0,"Y":1.0},"Minimum":{"X":1.0,"Y":1.0}},"Opacity":1.0,"Type":79,"RelativePos":{"X":-86.0,"Y":-217.85299682617}},{"OriginSize":{"X":70.0,"Y":70.0},"Scale":{"X":1.0,"Y":1.0},"AnchorType":{"Maximum":{"X":1.0,"Y":1.0},"Minimum":{"X":1.0,"Y":1.0}},"Opacity":1.0,"Type":76,"RelativePos":{"X":-80.5,"Y":-400.0}},{"OriginSize":{"X":80.0,"Y":80.0},"Scale":{"X":1.0,"Y":1.0},"AnchorType":{"Maximum":{"X":1.0,"Y":0.0},"Minimum":{"X":1.0,"Y":0.0}},"Opacity":1.0,"Type":83,"RelativePos":{"X":-295.0,"Y":158.0}},{"OriginSize":{"X":45.0,"Y":46.0},"Scale":{"X":1.0,"Y":1.0},"AnchorType":{"Maximum":{"X":1.0,"Y":0.0},"Minimum":{"X":1.0,"Y":0.0}},"Opacity":1.0,"Type":87,"RelativePos":{"X":-56.0,"Y":195.0}},{"OriginSize":{"X":202.0,"Y":230.0},"Scale":{"X":1.0,"Y":1.0},"AnchorType":{"Maximum":{"X":1.0,"Y":0.0},"Minimum":{"X":1.0,"Y":0.0}},"Opacity":1.0,"Type":86,"RelativePos":{"X":-362.0,"Y":4.0}},{"OriginSize":{"X":155.0,"Y":187.0},"Scale":{"X":1.0,"Y":1.0},"AnchorType":{"Maximum":{"X":1.0,"Y":0.0},"Minimum":{"X":1.0,"Y":0.0}},"Opacity":1.0,"Type":85,"RelativePos":{"X":-155.5,"Y":-0.20000000298023}},{"OriginSize":{"X":42.0,"Y":42.0},"Scale":{"X":1.0,"Y":1.0},"AnchorType":{"Maximum":{"X":1.0,"Y":0.0},"Minimum":{"X":1.0,"Y":0.0}},"Opacity":1.0,"Type":84,"RelativePos":{"X":-213.48789978027,"Y":138.75247192383}}],"TimeTag":0,"SaveSlotName":"UIElemLayout_Slot02","IsDataValid2":true,"RushTriggerLength2":300.0,"RushTriggerLength1":300.0}