﻿{"pve_lv":34,"tab_info":{"1":{"101010":true},"6":{}},"weapon_info":{"101001":{"lv":11,"comps":{"204013":true,"203015":true,"203004":true,"201009":true,"204012":true,"203014":true}},"105002":{},"101003":{"lv":18,"comps":{"202006":true,"204013":true,"203015":true}},"103001":{"lv":1,"comps":[]},"101004":{"lv":4,"comps":{"201010":true,"202002":true}},"106004":{"lv":6,"comps":{"201006":true,"204005":true,"202007":true,"204004":true,"203001":true}},"101006":{"lv":1,"comps":[]},"101010":{"weapon_unlock":true}}}